episode_id,gender,sõnaliigid,minutid,raw_count,freq_per_60_min
20210416_jutud_rohelises_stuudios_osa_4_madis_mumm,M,asesõnad,64.43333333333332,1470,1368.8566994309365
20210416_jutud_rohelises_stuudios_osa_4_madis_mumm,M,omadussõnad,64.43333333333332,312,290.5328504914641
20210416_jutud_rohelises_stuudios_osa_4_madis_mumm,M,nimisõnad,64.43333333333332,1538,1432.1779617175378
20210416_jutud_rohelises_stuudios_osa_4_madis_mumm,M,adverbid,64.43333333333332,1737,1617.4857734092088
20210416_jutud_rohelises_stuudios_osa_4_madis_mumm,M,verbid,64.43333333333332,1812,1687.3254009311954
20210416_jutud_rohelises_stuudios_osa_4_madis_mumm,M,partiklid,64.43333333333332,69,64.25245732022763
20210416_jutud_rohelises_stuudios_osa_4_madis_mumm,M,kaassõnad,64.43333333333332,133,123.84893947232284
20190108_mehed_ei_nuta_aasta_suured_ksimused__kas_tnak_vidab_tiitli_kas_kirt_viskab_90_meetrit,M,asesõnad,75.97283333333333,1889,1491.8490600806867
20190108_mehed_ei_nuta_aasta_suured_ksimused__kas_tnak_vidab_tiitli_kas_kirt_viskab_90_meetrit,M,omadussõnad,75.97283333333333,470,371.1853140486621
20190108_mehed_ei_nuta_aasta_suured_ksimused__kas_tnak_vidab_tiitli_kas_kirt_viskab_90_meetrit,M,nimisõnad,75.97283333333333,1970,1555.8192950550308
20190108_mehed_ei_nuta_aasta_suured_ksimused__kas_tnak_vidab_tiitli_kas_kirt_viskab_90_meetrit,M,adverbid,75.97283333333333,2301,1817.2285268637695
20190108_mehed_ei_nuta_aasta_suured_ksimused__kas_tnak_vidab_tiitli_kas_kirt_viskab_90_meetrit,M,verbid,75.97283333333333,2517,1987.8158201286867
20190108_mehed_ei_nuta_aasta_suured_ksimused__kas_tnak_vidab_tiitli_kas_kirt_viskab_90_meetrit,M,partiklid,75.97283333333333,118,93.19120650583433
20190108_mehed_ei_nuta_aasta_suured_ksimused__kas_tnak_vidab_tiitli_kas_kirt_viskab_90_meetrit,M,kaassõnad,75.97283333333333,167,131.8892498853757
20200319_kinnisvaraintervjuu_01_tnu_toompark_kinnisvarakool_o_ja_anton_nikitin_ecoadvice_o,M,asesõnad,10.875499999999999,202,1114.4315203898673
20200319_kinnisvaraintervjuu_01_tnu_toompark_kinnisvarakool_o_ja_anton_nikitin_ecoadvice_o,M,omadussõnad,10.875499999999999,48,264.81541078571104
20200319_kinnisvaraintervjuu_01_tnu_toompark_kinnisvarakool_o_ja_anton_nikitin_ecoadvice_o,M,nimisõnad,10.875499999999999,262,1445.450783872006
20200319_kinnisvaraintervjuu_01_tnu_toompark_kinnisvarakool_o_ja_anton_nikitin_ecoadvice_o,M,adverbid,10.875499999999999,231,1274.4241644062345
20200319_kinnisvaraintervjuu_01_tnu_toompark_kinnisvarakool_o_ja_anton_nikitin_ecoadvice_o,M,verbid,10.875499999999999,313,1726.817157831824
20200319_kinnisvaraintervjuu_01_tnu_toompark_kinnisvarakool_o_ja_anton_nikitin_ecoadvice_o,M,partiklid,10.875499999999999,12,66.20385269642776
20200319_kinnisvaraintervjuu_01_tnu_toompark_kinnisvarakool_o_ja_anton_nikitin_ecoadvice_o,M,kaassõnad,10.875499999999999,19,104.82276676934394
20210413_episood_4_kas_vanasti_oli_muusika_parem,M,asesõnad,114.32766666666666,4153,2179.524932722613
20210413_episood_4_kas_vanasti_oli_muusika_parem,M,omadussõnad,114.32766666666666,636,333.77747585157283
20210413_episood_4_kas_vanasti_oli_muusika_parem,M,nimisõnad,114.32766666666666,2815,1477.3326957895874
20210413_episood_4_kas_vanasti_oli_muusika_parem,M,adverbid,114.32766666666666,3596,1887.2072376765032
20210413_episood_4_kas_vanasti_oli_muusika_parem,M,verbid,114.32766666666666,3959,2077.7123064408443
20210413_episood_4_kas_vanasti_oli_muusika_parem,M,partiklid,114.32766666666666,174,91.31647924241143
20210413_episood_4_kas_vanasti_oli_muusika_parem,M,kaassõnad,114.32766666666666,271,142.222792383296
20210416_aprill_epikojas__ro_puuetega_inimeste_komitee_arvamus_eesti_olukorrast,M,asesõnad,12.040833333333333,186,926.8461485223892
20210416_aprill_epikojas__ro_puuetega_inimeste_komitee_arvamus_eesti_olukorrast,M,omadussõnad,12.040833333333333,66,328.88089141117035
20210416_aprill_epikojas__ro_puuetega_inimeste_komitee_arvamus_eesti_olukorrast,M,nimisõnad,12.040833333333333,359,1788.9127275243961
20210416_aprill_epikojas__ro_puuetega_inimeste_komitee_arvamus_eesti_olukorrast,M,adverbid,12.040833333333333,202,1006.5748494705515
20210416_aprill_epikojas__ro_puuetega_inimeste_komitee_arvamus_eesti_olukorrast,M,verbid,12.040833333333333,261,1300.574434216901
20210416_aprill_epikojas__ro_puuetega_inimeste_komitee_arvamus_eesti_olukorrast,M,partiklid,12.040833333333333,4,19.932175237040624
20210416_aprill_epikojas__ro_puuetega_inimeste_komitee_arvamus_eesti_olukorrast,M,kaassõnad,12.040833333333333,24,119.59305142224376
20201231_59_normaalse_elu_osa,M,asesõnad,60.3195,1971,1960.5600179046578
20201231_59_normaalse_elu_osa,M,omadussõnad,60.3195,388,385.9448437072588
20201231_59_normaalse_elu_osa,M,nimisõnad,60.3195,1354,1346.8281401536817
20201231_59_normaalse_elu_osa,M,adverbid,60.3195,1619,1610.4244895929178
20201231_59_normaalse_elu_osa,M,verbid,60.3195,2015,2004.3269589436254
20201231_59_normaalse_elu_osa,M,partiklid,60.3195,64,63.661005147589094
20201231_59_normaalse_elu_osa,M,kaassõnad,60.3195,114,113.39616541914307
20200326_kinnisvaraintervjuu_03_tnu_toompark_kinnisvarakool_ja_jaan_liitme_domus_fnd_o,M,asesõnad,14.496999999999998,329,1361.6610333172382
20200326_kinnisvaraintervjuu_03_tnu_toompark_kinnisvarakool_ja_jaan_liitme_domus_fnd_o,M,omadussõnad,14.496999999999998,87,360.07449817203565
20200326_kinnisvaraintervjuu_03_tnu_toompark_kinnisvarakool_ja_jaan_liitme_domus_fnd_o,M,nimisõnad,14.496999999999998,395,1634.8209974477481
20200326_kinnisvaraintervjuu_03_tnu_toompark_kinnisvarakool_ja_jaan_liitme_domus_fnd_o,M,adverbid,14.496999999999998,419,1734.1518934952062
20200326_kinnisvaraintervjuu_03_tnu_toompark_kinnisvarakool_ja_jaan_liitme_domus_fnd_o,M,verbid,14.496999999999998,392,1622.4046354418158
20200326_kinnisvaraintervjuu_03_tnu_toompark_kinnisvarakool_ja_jaan_liitme_domus_fnd_o,M,partiklid,14.496999999999998,10,41.387873353107544
20200326_kinnisvaraintervjuu_03_tnu_toompark_kinnisvarakool_ja_jaan_liitme_domus_fnd_o,M,kaassõnad,14.496999999999998,35,144.85755673587641
20210404_episood_3_emoosekandid_ja_co2paraad,M,asesõnad,54.20033333333333,2049,2268.251732769171
20210404_episood_3_emoosekandid_ja_co2paraad,M,omadussõnad,54.20033333333333,337,373.0604362826797
20210404_episood_3_emoosekandid_ja_co2paraad,M,nimisõnad,54.20033333333333,1351,1495.562757916618
20210404_episood_3_emoosekandid_ja_co2paraad,M,adverbid,54.20033333333333,1756,1943.8994840130135
20210404_episood_3_emoosekandid_ja_co2paraad,M,verbid,54.20033333333333,2046,2264.930719983272
20210404_episood_3_emoosekandid_ja_co2paraad,M,partiklid,54.20033333333333,68,75.27628981371578
20210404_episood_3_emoosekandid_ja_co2paraad,M,kaassõnad,54.20033333333333,174,192.61874158215508
20190115_mehed_ei_nuta_kas_ott_tnak_peaks_olema_aeglasem_kas_lati_alt_jooksis_kullame_vi_klubi_omanik,M,asesõnad,65.102,1504,1386.1325304906147
20190115_mehed_ei_nuta_kas_ott_tnak_peaks_olema_aeglasem_kas_lati_alt_jooksis_kullame_vi_klubi_omanik,M,omadussõnad,65.102,394,363.12248471629135
20190115_mehed_ei_nuta_kas_ott_tnak_peaks_olema_aeglasem_kas_lati_alt_jooksis_kullame_vi_klubi_omanik,M,nimisõnad,65.102,1698,1564.9288808331542
20190115_mehed_ei_nuta_kas_ott_tnak_peaks_olema_aeglasem_kas_lati_alt_jooksis_kullame_vi_klubi_omanik,M,adverbid,65.102,2133,1965.8382230960647
20190115_mehed_ei_nuta_kas_ott_tnak_peaks_olema_aeglasem_kas_lati_alt_jooksis_kullame_vi_klubi_omanik,M,verbid,65.102,2086,1922.521581518233
20190115_mehed_ei_nuta_kas_ott_tnak_peaks_olema_aeglasem_kas_lati_alt_jooksis_kullame_vi_klubi_omanik,M,partiklid,65.102,125,115.20383398359498
20190115_mehed_ei_nuta_kas_ott_tnak_peaks_olema_aeglasem_kas_lati_alt_jooksis_kullame_vi_klubi_omanik,M,kaassõnad,65.102,158,145.61764615526405
20210321_episood_2__prgitelevisioon,M,asesõnad,63.217999999999996,2461,2335.7271663133915
20210321_episood_2__prgitelevisioon,M,omadussõnad,63.217999999999996,435,412.8570976620583
20210321_episood_2__prgitelevisioon,M,nimisõnad,63.217999999999996,1699,1612.5154228226138
20210321_episood_2__prgitelevisioon,M,adverbid,63.217999999999996,2065,1959.8848429244838
20210321_episood_2__prgitelevisioon,M,verbid,63.217999999999996,2333,2214.2427789553612
20210321_episood_2__prgitelevisioon,M,partiklid,63.217999999999996,112,106.29883893827707
20210321_episood_2__prgitelevisioon,M,kaassõnad,63.217999999999996,200,189.81935524692335
20190904_bipolaarne_vandenud_1,M,asesõnad,63.29066666666666,1658,1571.7957360748294
20190904_bipolaarne_vandenud_1,M,omadussõnad,63.29066666666666,312,295.77820847729
20190904_bipolaarne_vandenud_1,M,nimisõnad,63.29066666666666,1485,1407.790511502486
20190904_bipolaarne_vandenud_1,M,adverbid,63.29066666666666,1575,1493.1111485632428
20190904_bipolaarne_vandenud_1,M,verbid,63.29066666666666,2145,2033.4751832813688
20190904_bipolaarne_vandenud_1,M,partiklid,63.29066666666666,72,68.25650964860539
20190904_bipolaarne_vandenud_1,M,kaassõnad,63.29066666666666,126,119.44889188505942
20210208_jutud_rohelises_stuudios_osa_1_hardo_adamson,M,asesõnad,54.23950000000001,1723,1905.9910213036624
20210208_jutud_rohelises_stuudios_osa_1_hardo_adamson,M,omadussõnad,54.23950000000001,264,292.038090321629
20210208_jutud_rohelises_stuudios_osa_1_hardo_adamson,M,nimisõnad,54.23950000000001,1083,1198.0198932512283
20210208_jutud_rohelises_stuudios_osa_1_hardo_adamson,M,adverbid,54.23950000000001,1884,2084.0900082043527
20210208_jutud_rohelises_stuudios_osa_1_hardo_adamson,M,verbid,54.23950000000001,1837,2032.0983784880023
20210208_jutud_rohelises_stuudios_osa_1_hardo_adamson,M,partiklid,54.23950000000001,78,86.2839812313904
20210208_jutud_rohelises_stuudios_osa_1_hardo_adamson,M,kaassõnad,54.23950000000001,105,116.15151319610246
20210502_sott_kihisev__korrrralik_jubileika_100_02052021,M,asesõnad,95.55,1434,900.4709576138148
20210502_sott_kihisev__korrrralik_jubileika_100_02052021,M,omadussõnad,95.55,412,258.71271585557304
20210502_sott_kihisev__korrrralik_jubileika_100_02052021,M,nimisõnad,95.55,1773,1113.3437990580849
20210502_sott_kihisev__korrrralik_jubileika_100_02052021,M,adverbid,95.55,1398,877.8649921507065
20210502_sott_kihisev__korrrralik_jubileika_100_02052021,M,verbid,95.55,1941,1218.8383045525902
20210502_sott_kihisev__korrrralik_jubileika_100_02052021,M,partiklid,95.55,87,54.63108320251178
20210502_sott_kihisev__korrrralik_jubileika_100_02052021,M,kaassõnad,95.55,127,79.74882260596546
20210614_erisaade_kommunismiohvrite_memoriaali_audiokirjeldus,M,asesõnad,16.003,295,1106.0426170093108
20210614_erisaade_kommunismiohvrite_memoriaali_audiokirjeldus,M,omadussõnad,16.003,111,416.1719677560457
20210614_erisaade_kommunismiohvrite_memoriaali_audiokirjeldus,M,nimisõnad,16.003,448,1679.6850590514277
20210614_erisaade_kommunismiohvrite_memoriaali_audiokirjeldus,M,adverbid,16.003,267,1001.0623008185964
20210614_erisaade_kommunismiohvrite_memoriaali_audiokirjeldus,M,verbid,16.003,349,1308.5046553771167
20210614_erisaade_kommunismiohvrite_memoriaali_audiokirjeldus,M,partiklid,16.003,4,14.99718802724489
20210614_erisaade_kommunismiohvrite_memoriaali_audiokirjeldus,M,kaassõnad,16.003,64,239.95500843591824
20210422_episood_5_elu_surm_ja_kanade_lestus,M,asesõnad,83.633,1965,1409.7306087310033
20210422_episood_5_elu_surm_ja_kanade_lestus,M,omadussõnad,83.633,387,277.64160080351064
20210422_episood_5_elu_surm_ja_kanade_lestus,M,nimisõnad,83.633,1877,1346.5976349048822
20210422_episood_5_elu_surm_ja_kanade_lestus,M,adverbid,83.633,2342,1680.1980079633638
20210422_episood_5_elu_surm_ja_kanade_lestus,M,verbid,83.633,2687,1927.7079621680439
20210422_episood_5_elu_surm_ja_kanade_lestus,M,partiklid,83.633,123,88.24267932514678
20210422_episood_5_elu_surm_ja_kanade_lestus,M,kaassõnad,83.633,144,103.30850262456208
20200505_episood_10__estpluatatsioon_november__malev,M,asesõnad,88.78366666666668,2497,1687.4725456258845
20200505_episood_10__estpluatatsioon_november__malev,M,omadussõnad,88.78366666666668,477,322.35658961295434
20200505_episood_10__estpluatatsioon_november__malev,M,nimisõnad,88.78366666666668,1893,1279.2893587784538
20200505_episood_10__estpluatatsioon_november__malev,M,adverbid,88.78366666666668,2218,1498.9243517013263
20200505_episood_10__estpluatatsioon_november__malev,M,verbid,88.78366666666668,2592,1751.6735435571857
20200505_episood_10__estpluatatsioon_november__malev,M,partiklid,88.78366666666668,83,56.0913981926105
20200505_episood_10__estpluatatsioon_november__malev,M,kaassõnad,88.78366666666668,170,114.88599629811789
20220104_mehed_ei_nuta_kontaveidi_fnnid_liialdasid_vehklejate_rappimisega_spordiaasta_suured_ksimused,M,asesõnad,70.58,1668,1417.9654293000851
20220104_mehed_ei_nuta_kontaveidi_fnnid_liialdasid_vehklejate_rappimisega_spordiaasta_suured_ksimused,M,omadussõnad,70.58,378,321.33748937376026
20220104_mehed_ei_nuta_kontaveidi_fnnid_liialdasid_vehklejate_rappimisega_spordiaasta_suured_ksimused,M,nimisõnad,70.58,1766,1501.2751487673563
20220104_mehed_ei_nuta_kontaveidi_fnnid_liialdasid_vehklejate_rappimisega_spordiaasta_suured_ksimused,M,adverbid,70.58,2028,1724.001133465571
20220104_mehed_ei_nuta_kontaveidi_fnnid_liialdasid_vehklejate_rappimisega_spordiaasta_suured_ksimused,M,verbid,70.58,2255,1916.9736469254747
20220104_mehed_ei_nuta_kontaveidi_fnnid_liialdasid_vehklejate_rappimisega_spordiaasta_suured_ksimused,M,partiklid,70.58,151,128.36497591385663
20220104_mehed_ei_nuta_kontaveidi_fnnid_liialdasid_vehklejate_rappimisega_spordiaasta_suured_ksimused,M,kaassõnad,70.58,126,107.11249645792009
20200524_see_on_ikkagi_hiphopi_saade_056_24052020,M,asesõnad,51.324666666666666,683,798.4464909660073
20200524_see_on_ikkagi_hiphopi_saade_056_24052020,M,omadussõnad,51.324666666666666,190,222.115422084248
20200524_see_on_ikkagi_hiphopi_saade_056_24052020,M,nimisõnad,51.324666666666666,1049,1226.310935612506
20200524_see_on_ikkagi_hiphopi_saade_056_24052020,M,adverbid,51.324666666666666,636,743.502149713588
20200524_see_on_ikkagi_hiphopi_saade_056_24052020,M,verbid,51.324666666666666,941,1100.0558535856703
20200524_see_on_ikkagi_hiphopi_saade_056_24052020,M,partiklid,51.324666666666666,31,36.239884655850986
20200524_see_on_ikkagi_hiphopi_saade_056_24052020,M,kaassõnad,51.324666666666666,62,72.47976931170197
20200105_saaga_jtkub_20__040_05012020,M,asesõnad,40.40233333333334,467,693.5243014017342
20200105_saaga_jtkub_20__040_05012020,M,omadussõnad,40.40233333333334,230,341.5644310972138
20200105_saaga_jtkub_20__040_05012020,M,nimisõnad,40.40233333333334,912,1354.3772224376478
20200105_saaga_jtkub_20__040_05012020,M,adverbid,40.40233333333334,546,810.8442581699077
20200105_saaga_jtkub_20__040_05012020,M,verbid,40.40233333333334,836,1241.5124539011772
20200105_saaga_jtkub_20__040_05012020,M,partiklid,40.40233333333334,23,34.15644310972139
20200105_saaga_jtkub_20__040_05012020,M,kaassõnad,40.40233333333334,50,74.25313719504648
20190101_mehed_ei_nuta_suur_uusaastasaade_absoluutne_tde_ehk_eelmise_spordiaasta_top25_edetabel,M,asesõnad,118.89116666666668,2922,1474.625953427995
20190101_mehed_ei_nuta_suur_uusaastasaade_absoluutne_tde_ehk_eelmise_spordiaasta_top25_edetabel,M,omadussõnad,118.89116666666668,695,350.74094374827393
20190101_mehed_ei_nuta_suur_uusaastasaade_absoluutne_tde_ehk_eelmise_spordiaasta_top25_edetabel,M,nimisõnad,118.89116666666668,3180,1604.8290663590087
20190101_mehed_ei_nuta_suur_uusaastasaade_absoluutne_tde_ehk_eelmise_spordiaasta_top25_edetabel,M,adverbid,118.89116666666668,3590,1811.7409900090697
20190101_mehed_ei_nuta_suur_uusaastasaade_absoluutne_tde_ehk_eelmise_spordiaasta_top25_edetabel,M,verbid,118.89116666666668,3809,1922.262237031907
20190101_mehed_ei_nuta_suur_uusaastasaade_absoluutne_tde_ehk_eelmise_spordiaasta_top25_edetabel,M,partiklid,118.89116666666668,216,109.00725733759305
20190101_mehed_ei_nuta_suur_uusaastasaade_absoluutne_tde_ehk_eelmise_spordiaasta_top25_edetabel,M,kaassõnad,118.89116666666668,303,152.91295820967915
20200426_6__ndala_soovitus_mine_roostikulinde_kuulama,M,asesõnad,5.1498333333333335,66,768.9569241723033
20200426_6__ndala_soovitus_mine_roostikulinde_kuulama,M,omadussõnad,5.1498333333333335,21,244.66811223664195
20200426_6__ndala_soovitus_mine_roostikulinde_kuulama,M,nimisõnad,5.1498333333333335,108,1258.2931486455873
20200426_6__ndala_soovitus_mine_roostikulinde_kuulama,M,adverbid,5.1498333333333335,103,1200.0388362082915
20200426_6__ndala_soovitus_mine_roostikulinde_kuulama,M,verbid,5.1498333333333335,89,1036.9267613838635
20200426_6__ndala_soovitus_mine_roostikulinde_kuulama,M,partiklid,5.1498333333333335,1,11.650862487459142
20200426_6__ndala_soovitus_mine_roostikulinde_kuulama,M,kaassõnad,5.1498333333333335,6,69.90517492475485
20210131_klas_mc_olldaraba_bastadz_daraba_mob08731012021,M,asesõnad,60.16466666666667,1383,1379.2148215453144
20210131_klas_mc_olldaraba_bastadz_daraba_mob08731012021,M,omadussõnad,60.16466666666667,273,272.252817268164
20210131_klas_mc_olldaraba_bastadz_daraba_mob08731012021,M,nimisõnad,60.16466666666667,1506,1501.8781787760258
20210131_klas_mc_olldaraba_bastadz_daraba_mob08731012021,M,adverbid,60.16466666666667,1396,1392.179241415227
20210131_klas_mc_olldaraba_bastadz_daraba_mob08731012021,M,verbid,60.16466666666667,1559,1554.7331213225925
20210131_klas_mc_olldaraba_bastadz_daraba_mob08731012021,M,partiklid,60.16466666666667,53,52.85494254656664
20210131_klas_mc_olldaraba_bastadz_daraba_mob08731012021,M,kaassõnad,60.16466666666667,130,129.64419869912572
20200920_tt_terav_teema_068_20092020,M,asesõnad,51.109500000000004,495,581.1052739705925
20200920_tt_terav_teema_068_20092020,M,omadussõnad,51.109500000000004,166,194.87570803862295
20200920_tt_terav_teema_068_20092020,M,nimisõnad,51.109500000000004,763,895.7238869486102
20200920_tt_terav_teema_068_20092020,M,adverbid,51.109500000000004,480,563.496023244211
20200920_tt_terav_teema_068_20092020,M,verbid,51.109500000000004,633,743.1103806533031
20200920_tt_terav_teema_068_20092020,M,partiklid,51.109500000000004,25,29.348751210635985
20200920_tt_terav_teema_068_20092020,M,kaassõnad,51.109500000000004,66,77.480703196079
20200408_kinnisvaraintervjuu_04_tnu_toompark_kinnisvarakool_ja_mart_saa_laam_kinnisvara,M,asesõnad,14.914666666666667,316,1271.2318970141248
20200408_kinnisvaraintervjuu_04_tnu_toompark_kinnisvarakool_ja_mart_saa_laam_kinnisvara,M,omadussõnad,14.914666666666667,82,329.8766315036653
20200408_kinnisvaraintervjuu_04_tnu_toompark_kinnisvarakool_ja_mart_saa_laam_kinnisvara,M,nimisõnad,14.914666666666667,384,1544.7881280171641
20200408_kinnisvaraintervjuu_04_tnu_toompark_kinnisvarakool_ja_mart_saa_laam_kinnisvara,M,adverbid,14.914666666666667,405,1629.268728768103
20200408_kinnisvaraintervjuu_04_tnu_toompark_kinnisvarakool_ja_mart_saa_laam_kinnisvara,M,verbid,14.914666666666667,478,1922.939388521366
20200408_kinnisvaraintervjuu_04_tnu_toompark_kinnisvarakool_ja_mart_saa_laam_kinnisvara,M,partiklid,14.914666666666667,19,76.43482925084928
20200408_kinnisvaraintervjuu_04_tnu_toompark_kinnisvarakool_ja_mart_saa_laam_kinnisvara,M,kaassõnad,14.914666666666667,47,189.07563025210084
20210531_kuna_it_on_levinud_igasse_eluvaldkonda_siis_on_itekspertidele_rakendust_kikjal,M,asesõnad,28.527333333333335,679,1428.1040405692786
20210531_kuna_it_on_levinud_igasse_eluvaldkonda_siis_on_itekspertidele_rakendust_kikjal,M,omadussõnad,28.527333333333335,220,462.7141221284849
20210531_kuna_it_on_levinud_igasse_eluvaldkonda_siis_on_itekspertidele_rakendust_kikjal,M,nimisõnad,28.527333333333335,892,1876.095440630039
20210531_kuna_it_on_levinud_igasse_eluvaldkonda_siis_on_itekspertidele_rakendust_kikjal,M,adverbid,28.527333333333335,726,1526.9566030240003
20210531_kuna_it_on_levinud_igasse_eluvaldkonda_siis_on_itekspertidele_rakendust_kikjal,M,verbid,28.527333333333335,804,1691.009791778645
20210531_kuna_it_on_levinud_igasse_eluvaldkonda_siis_on_itekspertidele_rakendust_kikjal,M,partiklid,28.527333333333335,26,54.68439625154822
20210531_kuna_it_on_levinud_igasse_eluvaldkonda_siis_on_itekspertidele_rakendust_kikjal,M,kaassõnad,28.527333333333335,72,151.43371269659508
20210912_jlle_see_lart_119_12092021,M,asesõnad,61.59266666666667,1233,1201.1170160949894
20210912_jlle_see_lart_119_12092021,M,omadussõnad,61.59266666666667,347,338.02725432681376
20210912_jlle_see_lart_119_12092021,M,nimisõnad,61.59266666666667,1426,1389.1264111528428
20210912_jlle_see_lart_119_12092021,M,adverbid,61.59266666666667,1265,1232.2895582807475
20210912_jlle_see_lart_119_12092021,M,verbid,61.59266666666667,1581,1540.1184123651083
20210912_jlle_see_lart_119_12092021,M,partiklid,61.59266666666667,68,66.24165214473584
20210912_jlle_see_lart_119_12092021,M,kaassõnad,61.59266666666667,103,100.3366201604087
20210819_augustikuu_epikojas__tagasi_likooli,M,asesõnad,14.598166666666666,318,1307.0134377604495
20210819_augustikuu_epikojas__tagasi_likooli,M,omadussõnad,14.598166666666666,74,304.14778111406685
20210819_augustikuu_epikojas__tagasi_likooli,M,nimisõnad,14.598166666666666,455,1870.0978433364921
20210819_augustikuu_epikojas__tagasi_likooli,M,adverbid,14.598166666666666,347,1426.206487115962
20210819_augustikuu_epikojas__tagasi_likooli,M,verbid,14.598166666666666,383,1574.1702725228056
20210819_augustikuu_epikojas__tagasi_likooli,M,partiklid,14.598166666666666,11,45.21115665209101
20210819_augustikuu_epikojas__tagasi_likooli,M,kaassõnad,14.598166666666666,29,119.19304935551268
20200730_heitlus_20ndates_podcast__osa_1_uus_algus,M,asesõnad,15.995666666666667,389,1459.1451851543127
20200730_heitlus_20ndates_podcast__osa_1_uus_algus,M,omadussõnad,15.995666666666667,73,273.82416071019236
20200730_heitlus_20ndates_podcast__osa_1_uus_algus,M,nimisõnad,15.995666666666667,308,1155.3128972430031
20200730_heitlus_20ndates_podcast__osa_1_uus_algus,M,adverbid,15.995666666666667,385,1444.1411215537541
20200730_heitlus_20ndates_podcast__osa_1_uus_algus,M,verbid,15.995666666666667,459,1721.716298164086
20200730_heitlus_20ndates_podcast__osa_1_uus_algus,M,partiklid,15.995666666666667,24,90.0243816033509
20200730_heitlus_20ndates_podcast__osa_1_uus_algus,M,kaassõnad,15.995666666666667,18,67.51828620251318
20220114_2021_aasta_kokkuvte_epikoja_tegevjuhi_kohusetitjaga_tauno_asujaga,M,asesõnad,19.29266666666667,311,967.2068834444865
20220114_2021_aasta_kokkuvte_epikoja_tegevjuhi_kohusetitjaga_tauno_asujaga,M,omadussõnad,19.29266666666667,135,419.8486471543591
20220114_2021_aasta_kokkuvte_epikoja_tegevjuhi_kohusetitjaga_tauno_asujaga,M,nimisõnad,19.29266666666667,624,1940.6337468468155
20220114_2021_aasta_kokkuvte_epikoja_tegevjuhi_kohusetitjaga_tauno_asujaga,M,adverbid,19.29266666666667,365,1135.1463423062303
20220114_2021_aasta_kokkuvte_epikoja_tegevjuhi_kohusetitjaga_tauno_asujaga,M,verbid,19.29266666666667,332,1032.5166730018314
20220114_2021_aasta_kokkuvte_epikoja_tegevjuhi_kohusetitjaga_tauno_asujaga,M,partiklid,19.29266666666667,4,12.439959915684716
20220114_2021_aasta_kokkuvte_epikoja_tegevjuhi_kohusetitjaga_tauno_asujaga,M,kaassõnad,19.29266666666667,43,133.72956909361068
20210927_61_cancel_cancel_cancel,M,asesõnad,55.491,2021,2185.2192247391467
20210927_61_cancel_cancel_cancel,M,omadussõnad,55.491,277,299.5080283289182
20210927_61_cancel_cancel_cancel,M,nimisõnad,55.491,1109,1199.113369735633
20210927_61_cancel_cancel_cancel,M,adverbid,55.491,1474,1593.7719630210304
20210927_61_cancel_cancel_cancel,M,verbid,55.491,2063,2230.6319943774665
20210927_61_cancel_cancel_cancel,M,partiklid,55.491,71,76.76920581715954
20210927_61_cancel_cancel_cancel,M,kaassõnad,55.491,106,114.61318051575931
20200807_heitlus_20ndates_podcast__osa_2_gmnaasiumiaja_raskused,M,asesõnad,16.942,456,1614.92149687168
20200807_heitlus_20ndates_podcast__osa_2_gmnaasiumiaja_raskused,M,omadussõnad,16.942,77,272.69507732263014
20200807_heitlus_20ndates_podcast__osa_2_gmnaasiumiaja_raskused,M,nimisõnad,16.942,389,1377.6413646558847
20200807_heitlus_20ndates_podcast__osa_2_gmnaasiumiaja_raskused,M,adverbid,16.942,394,1395.3488372093022
20200807_heitlus_20ndates_podcast__osa_2_gmnaasiumiaja_raskused,M,verbid,16.942,553,1958.4464644079803
20200807_heitlus_20ndates_podcast__osa_2_gmnaasiumiaja_raskused,M,partiklid,16.942,32,113.32782434187226
20200807_heitlus_20ndates_podcast__osa_2_gmnaasiumiaja_raskused,M,kaassõnad,16.942,26,92.07885727777122
20190102_esialgu_nimeta_podcast_ep_4,M,asesõnad,57.978833333333334,2100,2173.206888720884
20190102_esialgu_nimeta_podcast_ep_4,M,omadussõnad,57.978833333333334,349,361.1662876969469
20190102_esialgu_nimeta_podcast_ep_4,M,nimisõnad,57.978833333333334,1372,1419.8285006309775
20190102_esialgu_nimeta_podcast_ep_4,M,adverbid,57.978833333333334,1625,1681.648187700684
20190102_esialgu_nimeta_podcast_ep_4,M,verbid,57.978833333333334,2060,2131.812471792867
20190102_esialgu_nimeta_podcast_ep_4,M,partiklid,57.978833333333334,82,84.85855470243452
20190102_esialgu_nimeta_podcast_ep_4,M,kaassõnad,57.978833333333334,147,152.12448221046185
20211018_234_spirituaalne_petaja_andrues_vana_vline_edu_on_sinu_sisemise_kpsuse_peegeldus,M,asesõnad,122.1061666666667,4303,2114.389527146458
20211018_234_spirituaalne_petaja_andrues_vana_vline_edu_on_sinu_sisemise_kpsuse_peegeldus,M,omadussõnad,122.1061666666667,720,353.7904856020102
20211018_234_spirituaalne_petaja_andrues_vana_vline_edu_on_sinu_sisemise_kpsuse_peegeldus,M,nimisõnad,122.1061666666667,2914,1431.8687153392468
20211018_234_spirituaalne_petaja_andrues_vana_vline_edu_on_sinu_sisemise_kpsuse_peegeldus,M,adverbid,122.1061666666667,2882,1416.144693756935
20211018_234_spirituaalne_petaja_andrues_vana_vline_edu_on_sinu_sisemise_kpsuse_peegeldus,M,verbid,122.1061666666667,4466,2194.483762081358
20211018_234_spirituaalne_petaja_andrues_vana_vline_edu_on_sinu_sisemise_kpsuse_peegeldus,M,partiklid,122.1061666666667,94,46.18931339804022
20211018_234_spirituaalne_petaja_andrues_vana_vline_edu_on_sinu_sisemise_kpsuse_peegeldus,M,kaassõnad,122.1061666666667,310,152.3264590786433
20211122_novembrikuu_eesti_puuetega_inimeste_kojas__sensationalstem_soomes,M,asesõnad,11.845166666666666,217,1099.1825076332118
20211122_novembrikuu_eesti_puuetega_inimeste_kojas__sensationalstem_soomes,M,omadussõnad,11.845166666666666,57,288.7253591478944
20211122_novembrikuu_eesti_puuetega_inimeste_kojas__sensationalstem_soomes,M,nimisõnad,11.845166666666666,265,1342.3196521788072
20211122_novembrikuu_eesti_puuetega_inimeste_kojas__sensationalstem_soomes,M,adverbid,11.845166666666666,244,1235.9471514401093
20211122_novembrikuu_eesti_puuetega_inimeste_kojas__sensationalstem_soomes,M,verbid,11.845166666666666,258,1306.8621519325748
20211122_novembrikuu_eesti_puuetega_inimeste_kojas__sensationalstem_soomes,M,partiklid,11.845166666666666,4,20.26142871213294
20211122_novembrikuu_eesti_puuetega_inimeste_kojas__sensationalstem_soomes,M,kaassõnad,11.845166666666666,14,70.91500049246528
20220106_239_marius_vahter_ja_sven_kabanen_mikrobioomi_olulisusest_detoksist_ja_probiootikumidest,M,asesõnad,126.483,3735,1771.7796067455704
20220106_239_marius_vahter_ja_sven_kabanen_mikrobioomi_olulisusest_detoksist_ja_probiootikumidest,M,omadussõnad,126.483,783,371.4333151490714
20220106_239_marius_vahter_ja_sven_kabanen_mikrobioomi_olulisusest_detoksist_ja_probiootikumidest,M,nimisõnad,126.483,3494,1657.4559426958563
20220106_239_marius_vahter_ja_sven_kabanen_mikrobioomi_olulisusest_detoksist_ja_probiootikumidest,M,adverbid,126.483,3934,1866.1796446953344
20220106_239_marius_vahter_ja_sven_kabanen_mikrobioomi_olulisusest_detoksist_ja_probiootikumidest,M,verbid,126.483,4269,2025.0942814449372
20220106_239_marius_vahter_ja_sven_kabanen_mikrobioomi_olulisusest_detoksist_ja_probiootikumidest,M,partiklid,126.483,95,45.06534474988734
20220106_239_marius_vahter_ja_sven_kabanen_mikrobioomi_olulisusest_detoksist_ja_probiootikumidest,M,kaassõnad,126.483,313,148.47845164962882
20200105_episood_47__vilkurid_ja_lennukid,M,asesõnad,111.38116666666663,2789,1502.4083963925682
20200105_episood_47__vilkurid_ja_lennukid,M,omadussõnad,111.38116666666663,448,241.33343907632508
20200105_episood_47__vilkurid_ja_lennukid,M,nimisõnad,111.38116666666663,2187,1178.1165876337564
20200105_episood_47__vilkurid_ja_lennukid,M,adverbid,111.38116666666663,2204,1187.2743297415636
20200105_episood_47__vilkurid_ja_lennukid,M,verbid,111.38116666666663,3000,1616.0721366718196
20200105_episood_47__vilkurid_ja_lennukid,M,partiklid,111.38116666666663,97,52.252999085722166
20200105_episood_47__vilkurid_ja_lennukid,M,kaassõnad,111.38116666666663,171,92.11611179029373
20201108_juubel_75_075_08112020,M,asesõnad,58.033,622,643.0823841607362
20201108_juubel_75_075_08112020,M,omadussõnad,58.033,193,199.54164010132166
20201108_juubel_75_075_08112020,M,nimisõnad,58.033,895,925.3355849258181
20201108_juubel_75_075_08112020,M,adverbid,58.033,659,681.3364809677253
20201108_juubel_75_075_08112020,M,verbid,58.033,900,930.505057467303
20201108_juubel_75_075_08112020,M,partiklid,58.033,44,45.49135836506815
20201108_juubel_75_075_08112020,M,kaassõnad,58.033,57,58.931986972929195
20200407_1__linnulauluhommikud,M,asesõnad,5.128,72,842.4336973478938
20200407_1__linnulauluhommikud,M,omadussõnad,5.128,27,315.91263650546017
20200407_1__linnulauluhommikud,M,nimisõnad,5.128,123,1439.157566302652
20200407_1__linnulauluhommikud,M,adverbid,5.128,74,865.8346333853353
20200407_1__linnulauluhommikud,M,verbid,5.128,77,900.9360374414977
20200407_1__linnulauluhommikud,M,partiklid,5.128,0,0.0
20200407_1__linnulauluhommikud,M,kaassõnad,5.128,7,81.90327613104523
20210124_kiire_saade_086_24012021,M,asesõnad,56.95566666666666,780,821.6917251429476
20210124_kiire_saade_086_24012021,M,omadussõnad,56.95566666666666,264,278.1110454329976
20210124_kiire_saade_086_24012021,M,nimisõnad,56.95566666666666,1267,1334.7223278924544
20210124_kiire_saade_086_24012021,M,adverbid,56.95566666666666,903,951.2661894924123
20210124_kiire_saade_086_24012021,M,verbid,56.95566666666666,1176,1238.8582932924442
20210124_kiire_saade_086_24012021,M,partiklid,56.95566666666666,54,56.886350202204056
20210124_kiire_saade_086_24012021,M,kaassõnad,56.95566666666666,95,100.07783831869233
20210928_bipolaarne_muusika_8,M,asesõnad,62.41183333333333,1909,1835.2288962296147
20210928_bipolaarne_muusika_8,M,omadussõnad,62.41183333333333,328,315.3248182102219
20210928_bipolaarne_muusika_8,M,nimisõnad,62.41183333333333,1658,1593.9285018065486
20210928_bipolaarne_muusika_8,M,adverbid,62.41183333333333,1620,1557.3969679895108
20210928_bipolaarne_muusika_8,M,verbid,62.41183333333333,2182,2097.6791260204395
20210928_bipolaarne_muusika_8,M,partiklid,62.41183333333333,97,93.25154684875464
20210928_bipolaarne_muusika_8,M,kaassõnad,62.41183333333333,148,142.28071065583183
20220206_kollektiivne_katk_14006022022,M,asesõnad,88.55983333333334,2030,1375.3413417294144
20220206_kollektiivne_katk_14006022022,M,omadussõnad,88.55983333333334,442,299.4585581499513
20220206_kollektiivne_katk_14006022022,M,nimisõnad,88.55983333333334,2337,1583.336313114109
20220206_kollektiivne_katk_14006022022,M,adverbid,88.55983333333334,2023,1370.5987853786232
20220206_kollektiivne_katk_14006022022,M,verbid,88.55983333333334,2546,1724.9354955877286
20220206_kollektiivne_katk_14006022022,M,partiklid,88.55983333333334,104,70.46083721175324
20220206_kollektiivne_katk_14006022022,M,kaassõnad,88.55983333333334,157,106.36876386774289
20200412_puhas_eesti_episood__050_12042020,M,asesõnad,62.4865,869,834.4202347707105
20200412_puhas_eesti_episood__050_12042020,M,omadussõnad,62.4865,388,372.5604730621814
20200412_puhas_eesti_episood__050_12042020,M,nimisõnad,62.4865,1808,1736.0549878773816
20200412_puhas_eesti_episood__050_12042020,M,adverbid,62.4865,1001,961.1676122042361
20200412_puhas_eesti_episood__050_12042020,M,verbid,62.4865,1489,1429.7488257463613
20200412_puhas_eesti_episood__050_12042020,M,partiklid,62.4865,41,39.368503596776904
20200412_puhas_eesti_episood__050_12042020,M,kaassõnad,62.4865,118,113.30447376633353
20200424_kinnisvaraintervjuu_08_tnu_toompark_kinnisvarakool_ja_kaspar_kajuvee_estateguru_o,M,asesõnad,18.998833333333334,374,1181.1251568078742
20200424_kinnisvaraintervjuu_08_tnu_toompark_kinnisvarakool_ja_kaspar_kajuvee_estateguru_o,M,omadussõnad,18.998833333333334,86,271.5956242927197
20200424_kinnisvaraintervjuu_08_tnu_toompark_kinnisvarakool_ja_kaspar_kajuvee_estateguru_o,M,nimisõnad,18.998833333333334,401,1266.39355048117
20200424_kinnisvaraintervjuu_08_tnu_toompark_kinnisvarakool_ja_kaspar_kajuvee_estateguru_o,M,adverbid,18.998833333333334,545,1721.158316738747
20200424_kinnisvaraintervjuu_08_tnu_toompark_kinnisvarakool_ja_kaspar_kajuvee_estateguru_o,M,verbid,18.998833333333334,449,1417.9818059003624
20200424_kinnisvaraintervjuu_08_tnu_toompark_kinnisvarakool_ja_kaspar_kajuvee_estateguru_o,M,partiklid,18.998833333333334,16,50.52941847306413
20200424_kinnisvaraintervjuu_08_tnu_toompark_kinnisvarakool_ja_kaspar_kajuvee_estateguru_o,M,kaassõnad,18.998833333333334,36,113.6911915643943
20200112_kekkonenis_takeover__041_12012020,M,asesõnad,45.248166666666656,516,684.2266169163393
20200112_kekkonenis_takeover__041_12012020,M,omadussõnad,45.248166666666656,177,234.7056418492094
20200112_kekkonenis_takeover__041_12012020,M,nimisõnad,45.248166666666656,931,1234.5251557153333
20200112_kekkonenis_takeover__041_12012020,M,adverbid,45.248166666666656,611,810.1985715811693
20200112_kekkonenis_takeover__041_12012020,M,verbid,45.248166666666656,759,1006.4496167432201
20200112_kekkonenis_takeover__041_12012020,M,partiklid,45.248166666666656,37,49.062761290512704
20200112_kekkonenis_takeover__041_12012020,M,kaassõnad,45.248166666666656,89,118.01583121231434
20200422_kinnisvaraintervjuu_07_tnu_toompark_kinnisvarakool_ja_andree_raid_raid__ko,M,asesõnad,20.107666666666667,249,743.0001823516735
20200422_kinnisvaraintervjuu_07_tnu_toompark_kinnisvarakool_ja_andree_raid_raid__ko,M,omadussõnad,20.107666666666667,115,343.15269466041144
20200422_kinnisvaraintervjuu_07_tnu_toompark_kinnisvarakool_ja_andree_raid_raid__ko,M,nimisõnad,20.107666666666667,495,1477.048555277423
20200422_kinnisvaraintervjuu_07_tnu_toompark_kinnisvarakool_ja_andree_raid_raid__ko,M,adverbid,20.107666666666667,388,1157.7673524194752
20200422_kinnisvaraintervjuu_07_tnu_toompark_kinnisvarakool_ja_andree_raid_raid__ko,M,verbid,20.107666666666667,447,1333.8196044626427
20200422_kinnisvaraintervjuu_07_tnu_toompark_kinnisvarakool_ja_andree_raid_raid__ko,M,partiklid,20.107666666666667,16,47.74298360492681
20200422_kinnisvaraintervjuu_07_tnu_toompark_kinnisvarakool_ja_andree_raid_raid__ko,M,kaassõnad,20.107666666666667,34,101.45384016046947
20200413_kinnisvaraintervjuu_05_tnu_toompark_kinnisvarakool_ja_neeme_liivlaid_goodson__red,M,asesõnad,22.525666666666666,392,1044.142237743611
20200413_kinnisvaraintervjuu_05_tnu_toompark_kinnisvarakool_ja_neeme_liivlaid_goodson__red,M,omadussõnad,22.525666666666666,116,308.9808662710686
20200413_kinnisvaraintervjuu_05_tnu_toompark_kinnisvarakool_ja_neeme_liivlaid_goodson__red,M,nimisõnad,22.525666666666666,480,1278.5415156044219
20200413_kinnisvaraintervjuu_05_tnu_toompark_kinnisvarakool_ja_neeme_liivlaid_goodson__red,M,adverbid,22.525666666666666,564,1502.2862808351956
20200413_kinnisvaraintervjuu_05_tnu_toompark_kinnisvarakool_ja_neeme_liivlaid_goodson__red,M,verbid,22.525666666666666,553,1472.9863711025941
20200413_kinnisvaraintervjuu_05_tnu_toompark_kinnisvarakool_ja_neeme_liivlaid_goodson__red,M,partiklid,22.525666666666666,14,37.29079420512897
20200413_kinnisvaraintervjuu_05_tnu_toompark_kinnisvarakool_ja_neeme_liivlaid_goodson__red,M,kaassõnad,22.525666666666666,42,111.8723826153869
20190102_esialgu_nimeta_podcast_ep_2,M,asesõnad,54.15266666666667,1439,1594.3813170173212
20190102_esialgu_nimeta_podcast_ep_2,M,omadussõnad,54.15266666666667,253,280.31860542417115
20190102_esialgu_nimeta_podcast_ep_2,M,nimisõnad,54.15266666666667,1010,1119.058464341553
20190102_esialgu_nimeta_podcast_ep_2,M,adverbid,54.15266666666667,1250,1384.9733469573675
20190102_esialgu_nimeta_podcast_ep_2,M,verbid,54.15266666666667,1572,1741.7424811335852
20190102_esialgu_nimeta_podcast_ep_2,M,partiklid,54.15266666666667,67,74.2345713969149
20190102_esialgu_nimeta_podcast_ep_2,M,kaassõnad,54.15266666666667,104,115.22978246685297
20190908_bipolaarne_armastus_2,M,asesõnad,49.97233333333334,1474,1769.7792778670862
20190908_bipolaarne_armastus_2,M,omadussõnad,49.97233333333334,291,349.39333097647364
20190908_bipolaarne_armastus_2,M,nimisõnad,49.97233333333334,1248,1498.4291307857013
20190908_bipolaarne_armastus_2,M,adverbid,49.97233333333334,1251,1502.0311238885515
20190908_bipolaarne_armastus_2,M,verbid,49.97233333333334,1818,2182.8078203272476
20190908_bipolaarne_armastus_2,M,partiklid,49.97233333333334,74,88.84916320363934
20190908_bipolaarne_armastus_2,M,kaassõnad,49.97233333333334,109,130.8724160702255
20210313_episood_1_eesti_laul_aftekas__covidioodid,M,asesõnad,54.761,2034,2228.5933419769544
20210313_episood_1_eesti_laul_aftekas__covidioodid,M,omadussõnad,54.761,319,349.51881813699526
20210313_episood_1_eesti_laul_aftekas__covidioodid,M,nimisõnad,54.761,1358,1487.920235203886
20210313_episood_1_eesti_laul_aftekas__covidioodid,M,adverbid,54.761,1912,2094.9215682693884
20210313_episood_1_eesti_laul_aftekas__covidioodid,M,verbid,54.761,2015,2207.7756067274154
20210313_episood_1_eesti_laul_aftekas__covidioodid,M,partiklid,54.761,106,116.14104928690126
20210313_episood_1_eesti_laul_aftekas__covidioodid,M,kaassõnad,54.761,150,164.35054144372822
20210614_podcast_noorteaken_11__noorteakna_esimene_hooaeg_on_lbi,F,asesõnad,14.892999999999999,471,1897.5357550527094
20210614_podcast_noorteaken_11__noorteakna_esimene_hooaeg_on_lbi,F,omadussõnad,14.892999999999999,89,358.55771167662664
20210614_podcast_noorteaken_11__noorteakna_esimene_hooaeg_on_lbi,F,nimisõnad,14.892999999999999,312,1256.9663600349159
20210614_podcast_noorteaken_11__noorteakna_esimene_hooaeg_on_lbi,F,adverbid,14.892999999999999,383,1543.0067817095282
20210614_podcast_noorteaken_11__noorteakna_esimene_hooaeg_on_lbi,F,verbid,14.892999999999999,466,1877.3920633854832
20210614_podcast_noorteaken_11__noorteakna_esimene_hooaeg_on_lbi,F,partiklid,14.892999999999999,17,68.48855166856913
20210614_podcast_noorteaken_11__noorteakna_esimene_hooaeg_on_lbi,F,kaassõnad,14.892999999999999,40,161.14953333780974
20200124_114_saade__meisterpetaja_kristiina_raie_rgib_teekonnast_peale_keha_surma,F,asesõnad,60.00366666666667,1471,1470.9101110487693
20200124_114_saade__meisterpetaja_kristiina_raie_rgib_teekonnast_peale_keha_surma,F,omadussõnad,60.00366666666667,414,413.97470154601666
20200124_114_saade__meisterpetaja_kristiina_raie_rgib_teekonnast_peale_keha_surma,F,nimisõnad,60.00366666666667,1416,1415.9134719544916
20200124_114_saade__meisterpetaja_kristiina_raie_rgib_teekonnast_peale_keha_surma,F,adverbid,60.00366666666667,1825,1824.8884790373922
20200124_114_saade__meisterpetaja_kristiina_raie_rgib_teekonnast_peale_keha_surma,F,verbid,60.00366666666667,2100,2099.87167450878
20200124_114_saade__meisterpetaja_kristiina_raie_rgib_teekonnast_peale_keha_surma,F,partiklid,60.00366666666667,72,71.99560026887245
20200124_114_saade__meisterpetaja_kristiina_raie_rgib_teekonnast_peale_keha_surma,F,kaassõnad,60.00366666666667,104,103.99364483281576
20220304_prnumaa_ja_saarte_kinnisvaraturulevaade,F,asesõnad,27.4635,327,714.4027527445519
20220304_prnumaa_ja_saarte_kinnisvaraturulevaade,F,omadussõnad,27.4635,159,347.37014582991975
20220304_prnumaa_ja_saarte_kinnisvaraturulevaade,F,nimisõnad,27.4635,664,1450.6526844721175
20220304_prnumaa_ja_saarte_kinnisvaraturulevaade,F,adverbid,27.4635,689,1505.270631929652
20220304_prnumaa_ja_saarte_kinnisvaraturulevaade,F,verbid,27.4635,674,1472.4998634551314
20220304_prnumaa_ja_saarte_kinnisvaraturulevaade,F,partiklid,27.4635,13,28.401332677917964
20220304_prnumaa_ja_saarte_kinnisvaraturulevaade,F,kaassõnad,27.4635,53,115.79004860997324
20220220_podcast_noorteaken_15__anett_mnniste_tasuta_vlismaale,F,asesõnad,32.540166666666664,1018,1877.0647558658275
20220220_podcast_noorteaken_15__anett_mnniste_tasuta_vlismaale,F,omadussõnad,32.540166666666664,227,418.5596263079989
20220220_podcast_noorteaken_15__anett_mnniste_tasuta_vlismaale,F,nimisõnad,32.540166666666664,852,1570.9815049093174
20220220_podcast_noorteaken_15__anett_mnniste_tasuta_vlismaale,F,adverbid,32.540166666666664,1018,1877.0647558658275
20220220_podcast_noorteaken_15__anett_mnniste_tasuta_vlismaale,F,verbid,32.540166666666664,1048,1932.3810060386909
20220220_podcast_noorteaken_15__anett_mnniste_tasuta_vlismaale,F,partiklid,32.540166666666664,21,38.7213751210043
20220220_podcast_noorteaken_15__anett_mnniste_tasuta_vlismaale,F,kaassõnad,32.540166666666664,78,143.82225044944454
20210208_signe_riisalo_pikas_vaates_tuleb_kas_maksutus_vi_rnne,F,asesõnad,24.6205,553,1347.657439938263
20210208_signe_riisalo_pikas_vaates_tuleb_kas_maksutus_vi_rnne,F,omadussõnad,24.6205,182,443.5328283341118
20210208_signe_riisalo_pikas_vaates_tuleb_kas_maksutus_vi_rnne,F,nimisõnad,24.6205,714,1740.0134034645926
20210208_signe_riisalo_pikas_vaates_tuleb_kas_maksutus_vi_rnne,F,adverbid,24.6205,566,1379.3383562478423
20210208_signe_riisalo_pikas_vaates_tuleb_kas_maksutus_vi_rnne,F,verbid,24.6205,757,1844.804126642432
20210208_signe_riisalo_pikas_vaates_tuleb_kas_maksutus_vi_rnne,F,partiklid,24.6205,16,38.99189699640544
20210208_signe_riisalo_pikas_vaates_tuleb_kas_maksutus_vi_rnne,F,kaassõnad,24.6205,60,146.2196137365204
20220222_annely_soots_tervislikust_ja_tisvrtuslikust_toitumisest,F,asesõnad,26.673000000000002,726,1633.1121358677315
20220222_annely_soots_tervislikust_ja_tisvrtuslikust_toitumisest,F,omadussõnad,26.673000000000002,215,483.63513665504445
20220222_annely_soots_tervislikust_ja_tisvrtuslikust_toitumisest,F,nimisõnad,26.673000000000002,760,1709.593971431785
20220222_annely_soots_tervislikust_ja_tisvrtuslikust_toitumisest,F,adverbid,26.673000000000002,795,1788.3252727477225
20220222_annely_soots_tervislikust_ja_tisvrtuslikust_toitumisest,F,verbid,26.673000000000002,881,1981.7793274097398
20220222_annely_soots_tervislikust_ja_tisvrtuslikust_toitumisest,F,partiklid,26.673000000000002,33,74.2323698121696
20220222_annely_soots_tervislikust_ja_tisvrtuslikust_toitumisest,F,kaassõnad,26.673000000000002,42,94.47756157912495
20210908_liina_kersna_veerand_vanemaid_on_vaktsineerimise_vastu,F,asesõnad,25.092499999999998,615,1470.5589319517787
20210908_liina_kersna_veerand_vanemaid_on_vaktsineerimise_vastu,F,omadussõnad,25.092499999999998,151,361.06406296702204
20210908_liina_kersna_veerand_vanemaid_on_vaktsineerimise_vastu,F,nimisõnad,25.092499999999998,767,1834.0141476536814
20210908_liina_kersna_veerand_vanemaid_on_vaktsineerimise_vastu,F,adverbid,25.092499999999998,569,1360.5659061472552
20210908_liina_kersna_veerand_vanemaid_on_vaktsineerimise_vastu,F,verbid,25.092499999999998,820,1960.7452426023715
20210908_liina_kersna_veerand_vanemaid_on_vaktsineerimise_vastu,F,partiklid,25.092499999999998,10,23.911527348809408
20210908_liina_kersna_veerand_vanemaid_on_vaktsineerimise_vastu,F,kaassõnad,25.092499999999998,57,136.29570588821363
20200511_7_vilja_kiisler_ksib_urve_palo_vastab_mis_te_seal_viimsis_juba_jlle_laamendate,F,asesõnad,24.440333333333335,677,1662.0067920513904
20200511_7_vilja_kiisler_ksib_urve_palo_vastab_mis_te_seal_viimsis_juba_jlle_laamendate,F,omadussõnad,24.440333333333335,146,358.4239167496351
20200511_7_vilja_kiisler_ksib_urve_palo_vastab_mis_te_seal_viimsis_juba_jlle_laamendate,F,nimisõnad,24.440333333333335,724,1777.389833744766
20200511_7_vilja_kiisler_ksib_urve_palo_vastab_mis_te_seal_viimsis_juba_jlle_laamendate,F,adverbid,24.440333333333335,654,1605.5427503716533
20200511_7_vilja_kiisler_ksib_urve_palo_vastab_mis_te_seal_viimsis_juba_jlle_laamendate,F,verbid,24.440333333333335,897,2202.0976255097444
20200511_7_vilja_kiisler_ksib_urve_palo_vastab_mis_te_seal_viimsis_juba_jlle_laamendate,F,partiklid,24.440333333333335,29,71.1937916831467
20200511_7_vilja_kiisler_ksib_urve_palo_vastab_mis_te_seal_viimsis_juba_jlle_laamendate,F,kaassõnad,24.440333333333335,73,179.21195837481756
20201213_podcast_noorteaken_2__kaasamine,F,asesõnad,56.68166666666666,1703,1802.6992854832547
20201213_podcast_noorteaken_2__kaasamine,F,omadussõnad,56.68166666666666,278,294.2750448410715
20201213_podcast_noorteaken_2__kaasamine,F,nimisõnad,56.68166666666666,1305,1381.3990414302098
20201213_podcast_noorteaken_2__kaasamine,F,adverbid,56.68166666666666,1575,1667.20573965715
20201213_podcast_noorteaken_2__kaasamine,F,verbid,56.68166666666666,1935,2048.28133729307
20201213_podcast_noorteaken_2__kaasamine,F,partiklid,56.68166666666666,65,68.8053162398189
20201213_podcast_noorteaken_2__kaasamine,F,kaassõnad,56.68166666666666,96,101.62015936957866
20190307_67_saade_rgime_kogukonnast_kus_kik_mehed_on_naistele_truud,F,asesõnad,39.509499999999996,753,1143.5224439691722
20190307_67_saade_rgime_kogukonnast_kus_kik_mehed_on_naistele_truud,F,omadussõnad,39.509499999999996,161,244.49815867069947
20190307_67_saade_rgime_kogukonnast_kus_kik_mehed_on_naistele_truud,F,nimisõnad,39.509499999999996,646,981.0298788898874
20190307_67_saade_rgime_kogukonnast_kus_kik_mehed_on_naistele_truud,F,adverbid,39.509499999999996,928,1409.2813120894978
20190307_67_saade_rgime_kogukonnast_kus_kik_mehed_on_naistele_truud,F,verbid,39.509499999999996,910,1381.9461142256928
20190307_67_saade_rgime_kogukonnast_kus_kik_mehed_on_naistele_truud,F,partiklid,39.509499999999996,19,28.85381996734963
20190307_67_saade_rgime_kogukonnast_kus_kik_mehed_on_naistele_truud,F,kaassõnad,39.509499999999996,61,92.63594831622775
20210824_kaja_kallas_mina_ekrega_valitsust_ei_moodusta,F,asesõnad,35.3385,914,1551.8485504478117
20210824_kaja_kallas_mina_ekrega_valitsust_ei_moodusta,F,omadussõnad,35.3385,186,315.8028778810645
20210824_kaja_kallas_mina_ekrega_valitsust_ei_moodusta,F,nimisõnad,35.3385,838,1422.8108153996347
20210824_kaja_kallas_mina_ekrega_valitsust_ei_moodusta,F,adverbid,35.3385,835,1417.7172205951017
20210824_kaja_kallas_mina_ekrega_valitsust_ei_moodusta,F,verbid,35.3385,1086,1843.8813192410541
20210824_kaja_kallas_mina_ekrega_valitsust_ei_moodusta,F,partiklid,35.3385,19,32.259433762044225
20210824_kaja_kallas_mina_ekrega_valitsust_ei_moodusta,F,kaassõnad,35.3385,76,129.0377350481769
20190109_59_saade__astroloog_taimi_uuesoo_tutvustab_meile_13_thtkuju,F,asesõnad,42.25433333333333,1341,1904.1833973635844
20190109_59_saade__astroloog_taimi_uuesoo_tutvustab_meile_13_thtkuju,F,omadussõnad,42.25433333333333,296,420.3119206708583
20190109_59_saade__astroloog_taimi_uuesoo_tutvustab_meile_13_thtkuju,F,nimisõnad,42.25433333333333,1059,1503.7510945622937
20190109_59_saade__astroloog_taimi_uuesoo_tutvustab_meile_13_thtkuju,F,adverbid,42.25433333333333,1381,1960.9823055623488
20190109_59_saade__astroloog_taimi_uuesoo_tutvustab_meile_13_thtkuju,F,verbid,42.25433333333333,1660,2357.154690248732
20190109_59_saade__astroloog_taimi_uuesoo_tutvustab_meile_13_thtkuju,F,partiklid,42.25433333333333,73,103.65800746274545
20190109_59_saade__astroloog_taimi_uuesoo_tutvustab_meile_13_thtkuju,F,kaassõnad,42.25433333333333,101,143.4172432018807
20210701_kuidas_mratakse_iget_mgihinda_kinnisvarale,F,asesõnad,25.375,614,1451.8226600985222
20210701_kuidas_mratakse_iget_mgihinda_kinnisvarale,F,omadussõnad,25.375,150,354.679802955665
20210701_kuidas_mratakse_iget_mgihinda_kinnisvarale,F,nimisõnad,25.375,682,1612.6108374384237
20210701_kuidas_mratakse_iget_mgihinda_kinnisvarale,F,adverbid,25.375,679,1605.5172413793102
20210701_kuidas_mratakse_iget_mgihinda_kinnisvarale,F,verbid,25.375,775,1832.512315270936
20210701_kuidas_mratakse_iget_mgihinda_kinnisvarale,F,partiklid,25.375,22,52.01970443349754
20210701_kuidas_mratakse_iget_mgihinda_kinnisvarale,F,kaassõnad,25.375,53,125.32019704433498
20210614_14_mentorlusssteemi_loomine_organisatsioonis__stuudios_katri_jrine_ericsson_eesti_ja_tiiu_allikvee_fontes,F,asesõnad,30.678166666666666,671,1312.3339617208765
20210614_14_mentorlusssteemi_loomine_organisatsioonis__stuudios_katri_jrine_ericsson_eesti_ja_tiiu_allikvee_fontes,F,omadussõnad,30.678166666666666,174,340.30716742091283
20210614_14_mentorlusssteemi_loomine_organisatsioonis__stuudios_katri_jrine_ericsson_eesti_ja_tiiu_allikvee_fontes,F,nimisõnad,30.678166666666666,792,1548.9843482607066
20210614_14_mentorlusssteemi_loomine_organisatsioonis__stuudios_katri_jrine_ericsson_eesti_ja_tiiu_allikvee_fontes,F,adverbid,30.678166666666666,705,1378.8307645502503
20210614_14_mentorlusssteemi_loomine_organisatsioonis__stuudios_katri_jrine_ericsson_eesti_ja_tiiu_allikvee_fontes,F,verbid,30.678166666666666,865,1691.7568955120091
20210614_14_mentorlusssteemi_loomine_organisatsioonis__stuudios_katri_jrine_ericsson_eesti_ja_tiiu_allikvee_fontes,F,partiklid,30.678166666666666,14,27.381036459153904
20210614_14_mentorlusssteemi_loomine_organisatsioonis__stuudios_katri_jrine_ericsson_eesti_ja_tiiu_allikvee_fontes,F,kaassõnad,30.678166666666666,50,97.78941592554966
20201203_webinar_kinnisvaramaakleri_karjri_alustamine,F,asesõnad,35.353833333333334,881,1495.170254993565
20201203_webinar_kinnisvaramaakleri_karjri_alustamine,F,omadussõnad,35.353833333333334,168,285.1175968659693
20201203_webinar_kinnisvaramaakleri_karjri_alustamine,F,nimisõnad,35.353833333333334,802,1361.0970993244484
20201203_webinar_kinnisvaramaakleri_karjri_alustamine,F,adverbid,35.353833333333334,785,1332.245913927297
20201203_webinar_kinnisvaramaakleri_karjri_alustamine,F,verbid,35.353833333333334,977,1658.0945960598333
20201203_webinar_kinnisvaramaakleri_karjri_alustamine,F,partiklid,35.353833333333334,20,33.942571055472534
20201203_webinar_kinnisvaramaakleri_karjri_alustamine,F,kaassõnad,35.353833333333334,72,122.1932557997011
20190117_61_saade__veedatar_alexis_varnum_aitab_sul_leida_endale_ideaalse_maailma,F,asesõnad,41.64533333333333,1343,1934.9106742652239
20190117_61_saade__veedatar_alexis_varnum_aitab_sul_leida_endale_ideaalse_maailma,F,omadussõnad,41.64533333333333,214,308.31785874367677
20190117_61_saade__veedatar_alexis_varnum_aitab_sul_leida_endale_ideaalse_maailma,F,nimisõnad,41.64533333333333,786,1132.4197989370557
20190117_61_saade__veedatar_alexis_varnum_aitab_sul_leida_endale_ideaalse_maailma,F,adverbid,41.64533333333333,955,1375.9044630850995
20190117_61_saade__veedatar_alexis_varnum_aitab_sul_leida_endale_ideaalse_maailma,F,verbid,41.64533333333333,1387,1998.303131203176
20190117_61_saade__veedatar_alexis_varnum_aitab_sul_leida_endale_ideaalse_maailma,F,partiklid,41.64533333333333,59,85.00352180316322
20190117_61_saade__veedatar_alexis_varnum_aitab_sul_leida_endale_ideaalse_maailma,F,kaassõnad,41.64533333333333,85,122.46270090286227
20210318_webinar_kinnisvaramaakleri_karjri_alustamine,F,asesõnad,34.032333333333334,875,1542.6506165705161
20210318_webinar_kinnisvaramaakleri_karjri_alustamine,F,omadussõnad,34.032333333333334,172,303.2410354858615
20210318_webinar_kinnisvaramaakleri_karjri_alustamine,F,nimisõnad,34.032333333333334,795,1401.608274484069
20210318_webinar_kinnisvaramaakleri_karjri_alustamine,F,adverbid,34.032333333333334,777,1369.8737475146186
20210318_webinar_kinnisvaramaakleri_karjri_alustamine,F,verbid,34.032333333333334,972,1713.6644563503335
20210318_webinar_kinnisvaramaakleri_karjri_alustamine,F,partiklid,34.032333333333334,16,28.208468417289442
20210318_webinar_kinnisvaramaakleri_karjri_alustamine,F,kaassõnad,34.032333333333334,72,126.93810787780248
20210827_arco_akadeemia_podcast__prnumaa_kinnisvaraturu_levaade,F,asesõnad,28.496,445,936.9736103312746
20210827_arco_akadeemia_podcast__prnumaa_kinnisvaraturu_levaade,F,omadussõnad,28.496,200,421.11173498034816
20210827_arco_akadeemia_podcast__prnumaa_kinnisvaraturu_levaade,F,nimisõnad,28.496,688,1448.6243683323976
20210827_arco_akadeemia_podcast__prnumaa_kinnisvaraturu_levaade,F,adverbid,28.496,804,1692.8691746209995
20210827_arco_akadeemia_podcast__prnumaa_kinnisvaraturu_levaade,F,verbid,28.496,765,1610.7523862998316
20210827_arco_akadeemia_podcast__prnumaa_kinnisvaraturu_levaade,F,partiklid,28.496,18,37.900056148231336
20210827_arco_akadeemia_podcast__prnumaa_kinnisvaraturu_levaade,F,kaassõnad,28.496,54,113.700168444694
20210519_podcast_noorteaken_10__treening_toitumine_ning_tervis,F,asesõnad,40.03183333333333,1184,1774.5877239363674
20210519_podcast_noorteaken_10__treening_toitumine_ning_tervis,F,omadussõnad,40.03183333333333,273,409.1743654008685
20210519_podcast_noorteaken_10__treening_toitumine_ning_tervis,F,nimisõnad,40.03183333333333,1041,1560.2582944406743
20210519_podcast_noorteaken_10__treening_toitumine_ning_tervis,F,adverbid,40.03183333333333,1243,1863.0173486933318
20210519_podcast_noorteaken_10__treening_toitumine_ning_tervis,F,verbid,40.03183333333333,1213,1818.0531327152144
20210519_podcast_noorteaken_10__treening_toitumine_ning_tervis,F,partiklid,40.03183333333333,26,38.9689871810351
20210519_podcast_noorteaken_10__treening_toitumine_ning_tervis,F,kaassõnad,40.03183333333333,93,139.389069532164
20190204_63_saade__niad_helve_ja_liina_soovitavad_armastust_maagiaga_mitte_meelitada,F,asesõnad,42.63666666666666,1148,1615.5109061058558
20190204_63_saade__niad_helve_ja_liina_soovitavad_armastust_maagiaga_mitte_meelitada,F,omadussõnad,42.63666666666666,272,382.76913454772887
20190204_63_saade__niad_helve_ja_liina_soovitavad_armastust_maagiaga_mitte_meelitada,F,nimisõnad,42.63666666666666,905,1273.551716050348
20190204_63_saade__niad_helve_ja_liina_soovitavad_armastust_maagiaga_mitte_meelitada,F,adverbid,42.63666666666666,1123,1580.3299194746307
20190204_63_saade__niad_helve_ja_liina_soovitavad_armastust_maagiaga_mitte_meelitada,F,verbid,42.63666666666666,1493,2101.008521616762
20190204_63_saade__niad_helve_ja_liina_soovitavad_armastust_maagiaga_mitte_meelitada,F,partiklid,42.63666666666666,55,77.39817058869518
20190204_63_saade__niad_helve_ja_liina_soovitavad_armastust_maagiaga_mitte_meelitada,F,kaassõnad,42.63666666666666,110,154.79634117739036
20200608_liisa_pakosta__naistele_ks_palk_ja_meestele_teine,F,asesõnad,24.0745,528,1315.9151799622007
20200608_liisa_pakosta__naistele_ks_palk_ja_meestele_teine,F,omadussõnad,24.0745,152,378.82406695881537
20200608_liisa_pakosta__naistele_ks_palk_ja_meestele_teine,F,nimisõnad,24.0745,791,1971.3805063448876
20200608_liisa_pakosta__naistele_ks_palk_ja_meestele_teine,F,adverbid,24.0745,543,1353.2991339383996
20200608_liisa_pakosta__naistele_ks_palk_ja_meestele_teine,F,verbid,24.0745,743,1851.7518536210512
20200608_liisa_pakosta__naistele_ks_palk_ja_meestele_teine,F,partiklid,24.0745,19,47.35300836985192
20200608_liisa_pakosta__naistele_ks_palk_ja_meestele_teine,F,kaassõnad,24.0745,63,157.0126067000353
20210318_webinar_ettevtja_kinnisvararis,F,asesõnad,33.980666666666664,1061,1873.4182182025074
20210318_webinar_ettevtja_kinnisvararis,F,omadussõnad,33.980666666666664,165,291.34213572423533
20210318_webinar_ettevtja_kinnisvararis,F,nimisõnad,33.980666666666664,815,1439.0535794863747
20210318_webinar_ettevtja_kinnisvararis,F,adverbid,33.980666666666664,838,1479.6649074964196
20210318_webinar_ettevtja_kinnisvararis,F,verbid,33.980666666666664,1078,1903.435286731671
20210318_webinar_ettevtja_kinnisvararis,F,partiklid,33.980666666666664,23,40.61132801004493
20210318_webinar_ettevtja_kinnisvararis,F,kaassõnad,33.980666666666664,71,125.3654038570952
20200330_1_lle_madise_intervjuus_eesti_inimeste_igusi_ei_tohi_ikka_grammigi_rohkem_piirata,F,asesõnad,24.069000000000003,535,1333.665711080643
20200330_1_lle_madise_intervjuus_eesti_inimeste_igusi_ei_tohi_ikka_grammigi_rohkem_piirata,F,omadussõnad,24.069000000000003,190,473.63828991649007
20200330_1_lle_madise_intervjuus_eesti_inimeste_igusi_ei_tohi_ikka_grammigi_rohkem_piirata,F,nimisõnad,24.069000000000003,696,1735.0118409572478
20200330_1_lle_madise_intervjuus_eesti_inimeste_igusi_ei_tohi_ikka_grammigi_rohkem_piirata,F,adverbid,24.069000000000003,659,1642.7770160787734
20200330_1_lle_madise_intervjuus_eesti_inimeste_igusi_ei_tohi_ikka_grammigi_rohkem_piirata,F,verbid,24.069000000000003,818,2039.1374797457308
20200330_1_lle_madise_intervjuus_eesti_inimeste_igusi_ei_tohi_ikka_grammigi_rohkem_piirata,F,partiklid,24.069000000000003,19,47.36382899164901
20200330_1_lle_madise_intervjuus_eesti_inimeste_igusi_ei_tohi_ikka_grammigi_rohkem_piirata,F,kaassõnad,24.069000000000003,65,162.03415181353606
20210305_podcast_noorteaken_5__anne_noortekeskus,F,asesõnad,26.269833333333334,627,1432.0608556075092
20210305_podcast_noorteaken_5__anne_noortekeskus,F,omadussõnad,26.269833333333334,165,376.85811989671294
20210305_podcast_noorteaken_5__anne_noortekeskus,F,nimisõnad,26.269833333333334,656,1498.2965251651133
20210305_podcast_noorteaken_5__anne_noortekeskus,F,adverbid,26.269833333333334,720,1644.471795912929
20210305_podcast_noorteaken_5__anne_noortekeskus,F,verbid,26.269833333333334,772,1763.2392033955296
20210305_podcast_noorteaken_5__anne_noortekeskus,F,partiklid,26.269833333333334,38,86.79156700651572
20210305_podcast_noorteaken_5__anne_noortekeskus,F,kaassõnad,26.269833333333334,49,111.91544166629657
20210727_arco_akadeemia_podcast_viljandi_maakonna_kinnisvaraturu_i_poolaasta_levaade,F,asesõnad,28.226333333333333,519,1103.225120750127
20210727_arco_akadeemia_podcast_viljandi_maakonna_kinnisvaraturu_i_poolaasta_levaade,F,omadussõnad,28.226333333333333,182,386.87277837480366
20210727_arco_akadeemia_podcast_viljandi_maakonna_kinnisvaraturu_i_poolaasta_levaade,F,nimisõnad,28.226333333333333,729,1549.6167881056697
20210727_arco_akadeemia_podcast_viljandi_maakonna_kinnisvaraturu_i_poolaasta_levaade,F,adverbid,28.226333333333333,788,1675.0315898865126
20210727_arco_akadeemia_podcast_viljandi_maakonna_kinnisvaraturu_i_poolaasta_levaade,F,verbid,28.226333333333333,796,1692.0369867381523
20210727_arco_akadeemia_podcast_viljandi_maakonna_kinnisvaraturu_i_poolaasta_levaade,F,partiklid,28.226333333333333,15,31.885119096824482
20210727_arco_akadeemia_podcast_viljandi_maakonna_kinnisvaraturu_i_poolaasta_levaade,F,kaassõnad,28.226333333333333,65,138.16884941957272
20220216_kristina_kallas_eesti_200_ei_tegele_kersti_kaljulaiu_teemaga,F,asesõnad,20.730666666666668,631,1826.2799073835863
20220216_kristina_kallas_eesti_200_ei_tegele_kersti_kaljulaiu_teemaga,F,omadussõnad,20.730666666666668,182,526.7558528428093
20220216_kristina_kallas_eesti_200_ei_tegele_kersti_kaljulaiu_teemaga,F,nimisõnad,20.730666666666668,641,1855.2225366606635
20220216_kristina_kallas_eesti_200_ei_tegele_kersti_kaljulaiu_teemaga,F,adverbid,20.730666666666668,568,1643.9413429379983
20220216_kristina_kallas_eesti_200_ei_tegele_kersti_kaljulaiu_teemaga,F,verbid,20.730666666666668,765,2214.111139696424
20220216_kristina_kallas_eesti_200_ei_tegele_kersti_kaljulaiu_teemaga,F,partiklid,20.730666666666668,16,46.3082068433239
20220216_kristina_kallas_eesti_200_ei_tegele_kersti_kaljulaiu_teemaga,F,kaassõnad,20.730666666666668,73,211.2811937226653
20220308_sodiaagisosinad_07031303_tundekllane_ndalalpp_loob_unenolise_atmosfri,F,asesõnad,38.71916666666667,1083,1678.238598454684
20220308_sodiaagisosinad_07031303_tundekllane_ndalalpp_loob_unenolise_atmosfri,F,omadussõnad,38.71916666666667,269,416.8478143899446
20220308_sodiaagisosinad_07031303_tundekllane_ndalalpp_loob_unenolise_atmosfri,F,nimisõnad,38.71916666666667,855,1324.9252093063294
20220308_sodiaagisosinad_07031303_tundekllane_ndalalpp_loob_unenolise_atmosfri,F,adverbid,38.71916666666667,1237,1916.8800981426077
20220308_sodiaagisosinad_07031303_tundekllane_ndalalpp_loob_unenolise_atmosfri,F,verbid,38.71916666666667,1018,1577.5132901448462
20220308_sodiaagisosinad_07031303_tundekllane_ndalalpp_loob_unenolise_atmosfri,F,partiklid,38.71916666666667,27,41.83974345177883
20220308_sodiaagisosinad_07031303_tundekllane_ndalalpp_loob_unenolise_atmosfri,F,kaassõnad,38.71916666666667,63,97.6260680541506
20210112_abielurefendum_vib_lpetada_riigikohtus_viitab_lle_madise,F,asesõnad,24.039333333333335,528,1317.840206328517
20210112_abielurefendum_vib_lpetada_riigikohtus_viitab_lle_madise,F,omadussõnad,24.039333333333335,185,461.7432541113175
20210112_abielurefendum_vib_lpetada_riigikohtus_viitab_lle_madise,F,nimisõnad,24.039333333333335,762,1901.8830250422916
20210112_abielurefendum_vib_lpetada_riigikohtus_viitab_lle_madise,F,adverbid,24.039333333333335,565,1410.1888571507804
20210112_abielurefendum_vib_lpetada_riigikohtus_viitab_lle_madise,F,verbid,24.039333333333335,786,1961.7848526026787
20210112_abielurefendum_vib_lpetada_riigikohtus_viitab_lle_madise,F,partiklid,24.039333333333335,9,22.463185335145177
20210112_abielurefendum_vib_lpetada_riigikohtus_viitab_lle_madise,F,kaassõnad,24.039333333333335,37,92.34865082226351
20190408_68_saade__hingamisterapeudid_annavad_npuniteid_kuidas_end_terveks_ja_nnelikuks_hingata,F,asesõnad,41.91983333333333,1149,1644.5676072185404
20190408_68_saade__hingamisterapeudid_annavad_npuniteid_kuidas_end_terveks_ja_nnelikuks_hingata,F,omadussõnad,41.91983333333333,257,367.8449739383506
20190408_68_saade__hingamisterapeudid_annavad_npuniteid_kuidas_end_terveks_ja_nnelikuks_hingata,F,nimisõnad,41.91983333333333,1002,1434.166007339406
20190408_68_saade__hingamisterapeudid_annavad_npuniteid_kuidas_end_terveks_ja_nnelikuks_hingata,F,adverbid,41.91983333333333,1342,1920.809163522438
20190408_68_saade__hingamisterapeudid_annavad_npuniteid_kuidas_end_terveks_ja_nnelikuks_hingata,F,verbid,41.91983333333333,1376,1969.473479140741
20190408_68_saade__hingamisterapeudid_annavad_npuniteid_kuidas_end_terveks_ja_nnelikuks_hingata,F,partiklid,41.91983333333333,31,44.3704054166882
20190408_68_saade__hingamisterapeudid_annavad_npuniteid_kuidas_end_terveks_ja_nnelikuks_hingata,F,kaassõnad,41.91983333333333,91,130.24860944898796
20210220_podcast_noorteaken_4__vaimne_tervis,F,asesõnad,86.219,2281,1587.353135619759
20210220_podcast_noorteaken_4__vaimne_tervis,F,omadussõnad,86.219,504,350.73475684013965
20210220_podcast_noorteaken_4__vaimne_tervis,F,nimisõnad,86.219,1873,1303.4249991301222
20210220_podcast_noorteaken_4__vaimne_tervis,F,adverbid,86.219,2331,1622.148250385646
20210220_podcast_noorteaken_4__vaimne_tervis,F,verbid,86.219,2380,1656.2474628562152
20210220_podcast_noorteaken_4__vaimne_tervis,F,partiklid,86.219,71,49.40906296755936
20210220_podcast_noorteaken_4__vaimne_tervis,F,kaassõnad,86.219,184,128.0460223384637
20190417_73_saade__risti_nia_maagilised_vlusnumid_rasketeks_hetkedeks,F,asesõnad,43.02866666666667,1433,1998.2027485552262
20190417_73_saade__risti_nia_maagilised_vlusnumid_rasketeks_hetkedeks,F,omadussõnad,43.02866666666667,262,365.3378367909765
20190417_73_saade__risti_nia_maagilised_vlusnumid_rasketeks_hetkedeks,F,nimisõnad,43.02866666666667,1203,1677.4863269448272
20190417_73_saade__risti_nia_maagilised_vlusnumid_rasketeks_hetkedeks,F,adverbid,43.02866666666667,1233,1719.3189036766184
20190417_73_saade__risti_nia_maagilised_vlusnumid_rasketeks_hetkedeks,F,verbid,43.02866666666667,1581,2204.5767937653964
20190417_73_saade__risti_nia_maagilised_vlusnumid_rasketeks_hetkedeks,F,partiklid,43.02866666666667,73,101.79260338069193
20190417_73_saade__risti_nia_maagilised_vlusnumid_rasketeks_hetkedeks,F,kaassõnad,43.02866666666667,118,164.54146847837873
20210405_podcast_noorteaken_7__nipid_isolatsioonis_toimetulekuks_ja_tuleviku_plaanide_tegemiseks,F,asesõnad,32.97966666666667,1028,1870.243281213677
20210405_podcast_noorteaken_7__nipid_isolatsioonis_toimetulekuks_ja_tuleviku_plaanide_tegemiseks,F,omadussõnad,32.97966666666667,169,307.46217366255974
20210405_podcast_noorteaken_7__nipid_isolatsioonis_toimetulekuks_ja_tuleviku_plaanide_tegemiseks,F,nimisõnad,32.97966666666667,839,1526.3950514963765
20210405_podcast_noorteaken_7__nipid_isolatsioonis_toimetulekuks_ja_tuleviku_plaanide_tegemiseks,F,adverbid,32.97966666666667,991,1802.9290775124066
20210405_podcast_noorteaken_7__nipid_isolatsioonis_toimetulekuks_ja_tuleviku_plaanide_tegemiseks,F,verbid,32.97966666666667,1075,1955.7505129423178
20210405_podcast_noorteaken_7__nipid_isolatsioonis_toimetulekuks_ja_tuleviku_plaanide_tegemiseks,F,partiklid,32.97966666666667,41,74.59141491221864
20210405_podcast_noorteaken_7__nipid_isolatsioonis_toimetulekuks_ja_tuleviku_plaanide_tegemiseks,F,kaassõnad,32.97966666666667,72,130.98980179706686
20220223_kersti_kaljulaid_kas_mu_silmad_plevad_vimujanust,F,asesõnad,25.137,855,2040.816326530612
20220223_kersti_kaljulaid_kas_mu_silmad_plevad_vimujanust,F,omadussõnad,25.137,207,494.09237379162187
20220223_kersti_kaljulaid_kas_mu_silmad_plevad_vimujanust,F,nimisõnad,25.137,681,1625.4923021840314
20220223_kersti_kaljulaid_kas_mu_silmad_plevad_vimujanust,F,adverbid,25.137,716,1709.0344909893781
20220223_kersti_kaljulaid_kas_mu_silmad_plevad_vimujanust,F,verbid,25.137,1007,2403.6281179138323
20220223_kersti_kaljulaid_kas_mu_silmad_plevad_vimujanust,F,partiklid,25.137,21,50.125313283208015
20220223_kersti_kaljulaid_kas_mu_silmad_plevad_vimujanust,F,kaassõnad,25.137,74,176.63205633130445
20220204_tahad_elada_oma_unistuste_elu_need_kaks_naist_aitavad_sul_seda_saavutada,F,asesõnad,40.37583333333334,963,1431.0540546118757
20220204_tahad_elada_oma_unistuste_elu_need_kaks_naist_aitavad_sul_seda_saavutada,F,omadussõnad,40.37583333333334,252,374.4814348517058
20220204_tahad_elada_oma_unistuste_elu_need_kaks_naist_aitavad_sul_seda_saavutada,F,nimisõnad,40.37583333333334,904,1343.3778456585
20220204_tahad_elada_oma_unistuste_elu_need_kaks_naist_aitavad_sul_seda_saavutada,F,adverbid,40.37583333333334,948,1408.7634930135598
20220204_tahad_elada_oma_unistuste_elu_need_kaks_naist_aitavad_sul_seda_saavutada,F,verbid,40.37583333333334,1026,1524.6744133248021
20220204_tahad_elada_oma_unistuste_elu_need_kaks_naist_aitavad_sul_seda_saavutada,F,partiklid,40.37583333333334,25,37.15093599719304
20220204_tahad_elada_oma_unistuste_elu_need_kaks_naist_aitavad_sul_seda_saavutada,F,kaassõnad,40.37583333333334,68,101.05054591236505
20210911_arco_akadeemia_podcast__lhv_panga_vaade_kinnisvaraturule,F,asesõnad,24.052833333333336,558,1391.9358079782698
20210911_arco_akadeemia_podcast__lhv_panga_vaade_kinnisvaraturule,F,omadussõnad,24.052833333333336,158,394.132361398865
20210911_arco_akadeemia_podcast__lhv_panga_vaade_kinnisvaraturule,F,nimisõnad,24.052833333333336,703,1753.6395573633042
20210911_arco_akadeemia_podcast__lhv_panga_vaade_kinnisvaraturule,F,adverbid,24.052833333333336,585,1459.2875406223798
20210911_arco_akadeemia_podcast__lhv_panga_vaade_kinnisvaraturule,F,verbid,24.052833333333336,647,1613.9470748421875
20210911_arco_akadeemia_podcast__lhv_panga_vaade_kinnisvaraturule,F,partiklid,24.052833333333336,5,12.472543082242563
20210911_arco_akadeemia_podcast__lhv_panga_vaade_kinnisvaraturule,F,kaassõnad,24.052833333333336,58,144.6814997540137
20220203_dr_annika_uue_dr_aime_keis_kukkumise_traumadest_ja_emo_igapevasest_tst,F,asesõnad,23.404166666666665,542,1389.4961723339861
20220203_dr_annika_uue_dr_aime_keis_kukkumise_traumadest_ja_emo_igapevasest_tst,F,omadussõnad,23.404166666666665,184,471.71087769271855
20220203_dr_annika_uue_dr_aime_keis_kukkumise_traumadest_ja_emo_igapevasest_tst,F,nimisõnad,23.404166666666665,812,2081.680612426562
20220203_dr_annika_uue_dr_aime_keis_kukkumise_traumadest_ja_emo_igapevasest_tst,F,adverbid,23.404166666666665,816,2091.93519672423
20220203_dr_annika_uue_dr_aime_keis_kukkumise_traumadest_ja_emo_igapevasest_tst,F,verbid,23.404166666666665,825,2115.008011393983
20220203_dr_annika_uue_dr_aime_keis_kukkumise_traumadest_ja_emo_igapevasest_tst,F,partiklid,23.404166666666665,26,66.65479793484067
20220203_dr_annika_uue_dr_aime_keis_kukkumise_traumadest_ja_emo_igapevasest_tst,F,kaassõnad,23.404166666666665,101,258.92825351611185
20211221_podcast_noorteaken_14__killu_kolsar_kes_on_arengutreener,F,asesõnad,36.402,1495,2464.1503214109116
20211221_podcast_noorteaken_14__killu_kolsar_kes_on_arengutreener,F,omadussõnad,36.402,229,377.4517883632767
20211221_podcast_noorteaken_14__killu_kolsar_kes_on_arengutreener,F,nimisõnad,36.402,910,1499.9175869457722
20211221_podcast_noorteaken_14__killu_kolsar_kes_on_arengutreener,F,adverbid,36.402,1145,1887.2589418163836
20211221_podcast_noorteaken_14__killu_kolsar_kes_on_arengutreener,F,verbid,36.402,1412,2327.3446513927806
20211221_podcast_noorteaken_14__killu_kolsar_kes_on_arengutreener,F,partiklid,36.402,43,70.87522663589912
20211221_podcast_noorteaken_14__killu_kolsar_kes_on_arengutreener,F,kaassõnad,36.402,91,149.99175869457721
20190408_71_saade__klas_kis_veider_kerglane_hullumeelne_ja_leldse_defineerimatu_kaidi_karilaid,F,asesõnad,44.15099999999999,1683,2287.1509139090854
20190408_71_saade__klas_kis_veider_kerglane_hullumeelne_ja_leldse_defineerimatu_kaidi_karilaid,F,omadussõnad,44.15099999999999,279,379.15336005979486
20190408_71_saade__klas_kis_veider_kerglane_hullumeelne_ja_leldse_defineerimatu_kaidi_karilaid,F,nimisõnad,44.15099999999999,878,1193.1779574641573
20190408_71_saade__klas_kis_veider_kerglane_hullumeelne_ja_leldse_defineerimatu_kaidi_karilaid,F,adverbid,44.15099999999999,1148,1560.1005639736363
20190408_71_saade__klas_kis_veider_kerglane_hullumeelne_ja_leldse_defineerimatu_kaidi_karilaid,F,verbid,44.15099999999999,1686,2291.227831759191
20190408_71_saade__klas_kis_veider_kerglane_hullumeelne_ja_leldse_defineerimatu_kaidi_karilaid,F,partiklid,44.15099999999999,54,73.38452130189579
20190408_71_saade__klas_kis_veider_kerglane_hullumeelne_ja_leldse_defineerimatu_kaidi_karilaid,F,kaassõnad,44.15099999999999,79,107.35883671944012
20190102_58_saade__ajurveeda_edendaja_kaja_keil,F,asesõnad,43.91566666666667,1151,1572.5595269721512
20190102_58_saade__ajurveeda_edendaja_kaja_keil,F,omadussõnad,43.91566666666667,288,393.48144549781017
20190102_58_saade__ajurveeda_edendaja_kaja_keil,F,nimisõnad,43.91566666666667,1106,1511.0780511131184
20190102_58_saade__ajurveeda_edendaja_kaja_keil,F,adverbid,43.91566666666667,1165,1591.6870972394058
20190102_58_saade__ajurveeda_edendaja_kaja_keil,F,verbid,43.91566666666667,1249,1706.4525188429338
20190102_58_saade__ajurveeda_edendaja_kaja_keil,F,partiklid,43.91566666666667,14,19.12757026725466
20190102_58_saade__ajurveeda_edendaja_kaja_keil,F,kaassõnad,43.91566666666667,101,137.9917569280515
20210106_irja_lutsar_mina_ei_ole_selle_valitsuse_ema,F,asesõnad,24.734166666666667,763,1850.8810350055592
20210106_irja_lutsar_mina_ei_ole_selle_valitsuse_ema,F,omadussõnad,24.734166666666667,161,390.5528789461271
20210106_irja_lutsar_mina_ei_ole_selle_valitsuse_ema,F,nimisõnad,24.734166666666667,745,1807.2167379805264
20210106_irja_lutsar_mina_ei_ole_selle_valitsuse_ema,F,adverbid,24.734166666666667,610,1479.73451029278
20210106_irja_lutsar_mina_ei_ole_selle_valitsuse_ema,F,verbid,24.734166666666667,961,2331.18830228092
20210106_irja_lutsar_mina_ei_ole_selle_valitsuse_ema,F,partiklid,24.734166666666667,17,41.23850274586436
20210106_irja_lutsar_mina_ei_ole_selle_valitsuse_ema,F,kaassõnad,24.734166666666667,60,145.5476567501095
20210419_podcast_noorteaken_8__internetiturvalisus_kberkiusamine_ja_seksuaalne_vrkohtlemine,F,asesõnad,32.203,1106,2060.677576623296
20210419_podcast_noorteaken_8__internetiturvalisus_kberkiusamine_ja_seksuaalne_vrkohtlemine,F,omadussõnad,32.203,166,309.287954538397
20210419_podcast_noorteaken_8__internetiturvalisus_kberkiusamine_ja_seksuaalne_vrkohtlemine,F,nimisõnad,32.203,745,1388.0694345247337
20210419_podcast_noorteaken_8__internetiturvalisus_kberkiusamine_ja_seksuaalne_vrkohtlemine,F,adverbid,32.203,963,1794.242772412508
20210419_podcast_noorteaken_8__internetiturvalisus_kberkiusamine_ja_seksuaalne_vrkohtlemine,F,verbid,32.203,1156,2153.83659907462
20210419_podcast_noorteaken_8__internetiturvalisus_kberkiusamine_ja_seksuaalne_vrkohtlemine,F,partiklid,32.203,26,48.44269167468869
20210419_podcast_noorteaken_8__internetiturvalisus_kberkiusamine_ja_seksuaalne_vrkohtlemine,F,kaassõnad,32.203,55,102.47492469645684
20201130_podcast_noorteaken_1__sissejuhatus,F,asesõnad,37.03716666666666,1058,1713.9540011609963
20201130_podcast_noorteaken_1__sissejuhatus,F,omadussõnad,37.03716666666666,228,369.35870724452474
20201130_podcast_noorteaken_1__sissejuhatus,F,nimisõnad,37.03716666666666,819,1326.7753562862533
20201130_podcast_noorteaken_1__sissejuhatus,F,adverbid,37.03716666666666,938,1519.5546815586151
20201130_podcast_noorteaken_1__sissejuhatus,F,verbid,37.03716666666666,1088,1762.5538310615916
20201130_podcast_noorteaken_1__sissejuhatus,F,partiklid,37.03716666666666,33,53.459812890654895
20201130_podcast_noorteaken_1__sissejuhatus,F,kaassõnad,37.03716666666666,52,84.23970516103195
20220306_podcast_noorteaken_16__eva_maria_hanson_eluks_valmis,F,asesõnad,27.668166666666668,731,1585.2152594136462
20220306_podcast_noorteaken_16__eva_maria_hanson_eluks_valmis,F,omadussõnad,27.668166666666668,175,379.4974971236499
20220306_podcast_noorteaken_16__eva_maria_hanson_eluks_valmis,F,nimisõnad,27.668166666666668,681,1476.7874030926034
20220306_podcast_noorteaken_16__eva_maria_hanson_eluks_valmis,F,adverbid,27.668166666666668,737,1598.2266021721714
20220306_podcast_noorteaken_16__eva_maria_hanson_eluks_valmis,F,verbid,27.668166666666668,840,1821.5879861935196
20220306_podcast_noorteaken_16__eva_maria_hanson_eluks_valmis,F,partiklid,27.668166666666668,18,39.034028275575416
20220306_podcast_noorteaken_16__eva_maria_hanson_eluks_valmis,F,kaassõnad,27.668166666666668,66,143.12477034377653
20191223_arcopod_s1e1_leanika_2019,F,asesõnad,45.16716666666667,1428,1896.9531702601078
20191223_arcopod_s1e1_leanika_2019,F,omadussõnad,45.16716666666667,221,293.5760858735881
20191223_arcopod_s1e1_leanika_2019,F,nimisõnad,45.16716666666667,1291,1714.9625649900556
20191223_arcopod_s1e1_leanika_2019,F,adverbid,45.16716666666667,1346,1788.024486813799
20191223_arcopod_s1e1_leanika_2019,F,verbid,45.16716666666667,1568,2082.9289712660006
20191223_arcopod_s1e1_leanika_2019,F,partiklid,45.16716666666667,37,49.15074740870027
20191223_arcopod_s1e1_leanika_2019,F,kaassõnad,45.16716666666667,113,150.10903938332785
20190823_90_saade__hundiuurija_laura_kiiroja_arutleb_kas_eestlased_vrivad_oma_rahvuslooma,F,asesõnad,42.74600000000001,859,1205.7268516352406
20190823_90_saade__hundiuurija_laura_kiiroja_arutleb_kas_eestlased_vrivad_oma_rahvuslooma,F,omadussõnad,42.74600000000001,255,357.92822720254514
20190823_90_saade__hundiuurija_laura_kiiroja_arutleb_kas_eestlased_vrivad_oma_rahvuslooma,F,nimisõnad,42.74600000000001,1135,1593.131521077995
20190823_90_saade__hundiuurija_laura_kiiroja_arutleb_kas_eestlased_vrivad_oma_rahvuslooma,F,adverbid,42.74600000000001,1048,1471.014831797127
20190823_90_saade__hundiuurija_laura_kiiroja_arutleb_kas_eestlased_vrivad_oma_rahvuslooma,F,verbid,42.74600000000001,1199,1682.9644879053008
20190823_90_saade__hundiuurija_laura_kiiroja_arutleb_kas_eestlased_vrivad_oma_rahvuslooma,F,partiklid,42.74600000000001,31,43.51284330697608
20190823_90_saade__hundiuurija_laura_kiiroja_arutleb_kas_eestlased_vrivad_oma_rahvuslooma,F,kaassõnad,42.74600000000001,85,119.30940906751506
20200826_riina_solman_ja_liina_kersna_roosast_kleidist_ja_riigi_vrikusest,F,asesõnad,37.380333333333326,959,1539.312115996826
20200826_riina_solman_ja_liina_kersna_roosast_kleidist_ja_riigi_vrikusest,F,omadussõnad,37.380333333333326,256,410.9112634986313
20200826_riina_solman_ja_liina_kersna_roosast_kleidist_ja_riigi_vrikusest,F,nimisõnad,37.380333333333326,1166,1871.572395466422
20200826_riina_solman_ja_liina_kersna_roosast_kleidist_ja_riigi_vrikusest,F,adverbid,37.380333333333326,763,1224.7081798806862
20200826_riina_solman_ja_liina_kersna_roosast_kleidist_ja_riigi_vrikusest,F,verbid,37.380333333333326,1248,2003.1924095558272
20200826_riina_solman_ja_liina_kersna_roosast_kleidist_ja_riigi_vrikusest,F,partiklid,37.380333333333326,20,32.10244246083057
20200826_riina_solman_ja_liina_kersna_roosast_kleidist_ja_riigi_vrikusest,F,kaassõnad,37.380333333333326,107,171.74806716544353
20210322_podcast_noorteaken_6__motivatsioon_eneseareng_ja_ajaplaneerimine,F,asesõnad,29.687333333333335,1048,2118.075048842379
20210322_podcast_noorteaken_6__motivatsioon_eneseareng_ja_ajaplaneerimine,F,omadussõnad,29.687333333333335,164,331.4544923760975
20210322_podcast_noorteaken_6__motivatsioon_eneseareng_ja_ajaplaneerimine,F,nimisõnad,29.687333333333335,702,1418.7869124879298
20210322_podcast_noorteaken_6__motivatsioon_eneseareng_ja_ajaplaneerimine,F,adverbid,29.687333333333335,1015,2051.3799375715794
20210322_podcast_noorteaken_6__motivatsioon_eneseareng_ja_ajaplaneerimine,F,verbid,29.687333333333335,1016,2053.4010015494823
20210322_podcast_noorteaken_6__motivatsioon_eneseareng_ja_ajaplaneerimine,F,partiklid,29.687333333333335,51,103.07426287305472
20210322_podcast_noorteaken_6__motivatsioon_eneseareng_ja_ajaplaneerimine,F,kaassõnad,29.687333333333335,92,185.9378859670791
20210416_webinar_hetkeseis_kinnisvaraturul,F,asesõnad,38.149666666666675,889,1398.1773541053217
20210416_webinar_hetkeseis_kinnisvaraturul,F,omadussõnad,38.149666666666675,210,330.2781151429894
20210416_webinar_hetkeseis_kinnisvaraturul,F,nimisõnad,38.149666666666675,981,1542.8706235965362
20210416_webinar_hetkeseis_kinnisvaraturul,F,adverbid,38.149666666666675,1056,1660.8270932904609
20210416_webinar_hetkeseis_kinnisvaraturul,F,verbid,38.149666666666675,1112,1748.9012573285913
20210416_webinar_hetkeseis_kinnisvaraturul,F,partiklid,38.149666666666675,20,31.455058585046608
20210416_webinar_hetkeseis_kinnisvaraturul,F,kaassõnad,38.149666666666675,77,121.10197555242945
20210603_mida_peaksid_teadma_enne_kinnisvaraostu,F,asesõnad,39.09466666666667,1054,1617.6119504791786
20210603_mida_peaksid_teadma_enne_kinnisvaraostu,F,omadussõnad,39.09466666666667,214,328.4335459227175
20210603_mida_peaksid_teadma_enne_kinnisvaraostu,F,nimisõnad,39.09466666666667,929,1425.7699259916099
20210603_mida_peaksid_teadma_enne_kinnisvaraostu,F,adverbid,39.09466666666667,995,1527.0625149210464
20210603_mida_peaksid_teadma_enne_kinnisvaraostu,F,verbid,39.09466666666667,1273,1953.719177381399
20210603_mida_peaksid_teadma_enne_kinnisvaraostu,F,partiklid,39.09466666666667,30,46.04208587701647
20210603_mida_peaksid_teadma_enne_kinnisvaraostu,F,kaassõnad,39.09466666666667,77,118.17468708434228
20210620_15_tandja_brnding__stuudios_ivi_aluoja_adven_ja_kristiina_kuuskme_fontes,F,asesõnad,47.947500000000005,989,1237.603628969185
20210620_15_tandja_brnding__stuudios_ivi_aluoja_adven_ja_kristiina_kuuskme_fontes,F,omadussõnad,47.947500000000005,304,380.41608008759573
20210620_15_tandja_brnding__stuudios_ivi_aluoja_adven_ja_kristiina_kuuskme_fontes,F,nimisõnad,47.947500000000005,1046,1308.9316439856093
20210620_15_tandja_brnding__stuudios_ivi_aluoja_adven_ja_kristiina_kuuskme_fontes,F,adverbid,47.947500000000005,1146,1434.0685124354761
20210620_15_tandja_brnding__stuudios_ivi_aluoja_adven_ja_kristiina_kuuskme_fontes,F,verbid,47.947500000000005,960,1201.3139371187235
20210620_15_tandja_brnding__stuudios_ivi_aluoja_adven_ja_kristiina_kuuskme_fontes,F,partiklid,47.947500000000005,18,22.524636320976064
20210620_15_tandja_brnding__stuudios_ivi_aluoja_adven_ja_kristiina_kuuskme_fontes,F,kaassõnad,47.947500000000005,75,93.85265133740027
20210104_podcast_noorteaken_3__aktiivsus_vabatahtlik_t,F,asesõnad,37.0355,1013,1641.1281068164328
20210104_podcast_noorteaken_3__aktiivsus_vabatahtlik_t,F,omadussõnad,37.0355,226,366.1351946105763
20210104_podcast_noorteaken_3__aktiivsus_vabatahtlik_t,F,nimisõnad,37.0355,782,1266.8925760419058
20210104_podcast_noorteaken_3__aktiivsus_vabatahtlik_t,F,adverbid,37.0355,1082,1752.9127458789542
20210104_podcast_noorteaken_3__aktiivsus_vabatahtlik_t,F,verbid,37.0355,1069,1731.851871852682
20210104_podcast_noorteaken_3__aktiivsus_vabatahtlik_t,F,partiklid,37.0355,32,51.84215144928515
20210104_podcast_noorteaken_3__aktiivsus_vabatahtlik_t,F,kaassõnad,37.0355,59,95.5839667346195
20200827_mailis_repsi_tabab_avameelsushoog,F,asesõnad,24.511333333333333,597,1461.3648108358038
20200827_mailis_repsi_tabab_avameelsushoog,F,omadussõnad,24.511333333333333,212,518.9436179182419
20200827_mailis_repsi_tabab_avameelsushoog,F,nimisõnad,24.511333333333333,725,1774.6892593902141
20200827_mailis_repsi_tabab_avameelsushoog,F,adverbid,24.511333333333333,686,1679.2232164712923
20200827_mailis_repsi_tabab_avameelsushoog,F,verbid,24.511333333333333,836,2046.4003046209916
20200827_mailis_repsi_tabab_avameelsushoog,F,partiklid,24.511333333333333,36,88.12250115592786
20200827_mailis_repsi_tabab_avameelsushoog,F,kaassõnad,24.511333333333333,58,141.97514075121714
20210729_arco_akadeemia_podcast_kuidas_tsta_oma_kinnisvara_vrtust_lbi_kinnisvaralavastuse,F,asesõnad,31.861333333333334,770,1450.0334784064278
20210729_arco_akadeemia_podcast_kuidas_tsta_oma_kinnisvara_vrtust_lbi_kinnisvaralavastuse,F,omadussõnad,31.861333333333334,197,370.9825912286575
20210729_arco_akadeemia_podcast_kuidas_tsta_oma_kinnisvara_vrtust_lbi_kinnisvaralavastuse,F,nimisõnad,31.861333333333334,788,1483.93036491463
20210729_arco_akadeemia_podcast_kuidas_tsta_oma_kinnisvara_vrtust_lbi_kinnisvaralavastuse,F,adverbid,31.861333333333334,880,1657.1811181787746
20210729_arco_akadeemia_podcast_kuidas_tsta_oma_kinnisvara_vrtust_lbi_kinnisvaralavastuse,F,verbid,31.861333333333334,866,1630.8168731168396
20210729_arco_akadeemia_podcast_kuidas_tsta_oma_kinnisvara_vrtust_lbi_kinnisvaralavastuse,F,partiklid,31.861333333333334,27,50.845329762303315
20210729_arco_akadeemia_podcast_kuidas_tsta_oma_kinnisvara_vrtust_lbi_kinnisvaralavastuse,F,kaassõnad,31.861333333333334,72,135.58754603280883
20210419_171_saade_elujutoetaja_kairi_kuha,F,asesõnad,56.898333333333326,1673,1764.1993028501129
20210419_171_saade_elujutoetaja_kairi_kuha,F,omadussõnad,56.898333333333326,465,490.34828202349223
20210419_171_saade_elujutoetaja_kairi_kuha,F,nimisõnad,56.898333333333326,1572,1657.6935469697416
20210419_171_saade_elujutoetaja_kairi_kuha,F,adverbid,56.898333333333326,1673,1764.1993028501129
20210419_171_saade_elujutoetaja_kairi_kuha,F,verbid,56.898333333333326,1887,1989.8649638243655
20210419_171_saade_elujutoetaja_kairi_kuha,F,partiklid,56.898333333333326,43,45.34403468174229
20210419_171_saade_elujutoetaja_kairi_kuha,F,kaassõnad,56.898333333333326,139,146.57722838981812
20210201_keit_pentusrosimannus_autorollo_skandaalist,F,asesõnad,24.89816666666667,710,1710.969348479473
20210201_keit_pentusrosimannus_autorollo_skandaalist,F,omadussõnad,24.89816666666667,152,366.29202953363364
20210201_keit_pentusrosimannus_autorollo_skandaalist,F,nimisõnad,24.89816666666667,730,1759.165668154951
20210201_keit_pentusrosimannus_autorollo_skandaalist,F,adverbid,24.89816666666667,609,1467.5779341183083
20210201_keit_pentusrosimannus_autorollo_skandaalist,F,verbid,24.89816666666667,800,1927.8527870191247
20210201_keit_pentusrosimannus_autorollo_skandaalist,F,partiklid,24.89816666666667,20,48.19631967547811
20210201_keit_pentusrosimannus_autorollo_skandaalist,F,kaassõnad,24.89816666666667,73,175.9165668154951
20200116_112_saade__astroloog_anu_kallavus_teab_mis_on_veevalajaajastul_teisiti_kui_kaladeajastul,F,asesõnad,53.22666666666667,1588,1790.0801603206412
20200116_112_saade__astroloog_anu_kallavus_teab_mis_on_veevalajaajastul_teisiti_kui_kaladeajastul,F,omadussõnad,53.22666666666667,356,401.30260521042084
20200116_112_saade__astroloog_anu_kallavus_teab_mis_on_veevalajaajastul_teisiti_kui_kaladeajastul,F,nimisõnad,53.22666666666667,1273,1434.9949899799599
20200116_112_saade__astroloog_anu_kallavus_teab_mis_on_veevalajaajastul_teisiti_kui_kaladeajastul,F,adverbid,53.22666666666667,1333,1502.6302605210421
20200116_112_saade__astroloog_anu_kallavus_teab_mis_on_veevalajaajastul_teisiti_kui_kaladeajastul,F,verbid,53.22666666666667,1708,1925.3507014028055
20200116_112_saade__astroloog_anu_kallavus_teab_mis_on_veevalajaajastul_teisiti_kui_kaladeajastul,F,partiklid,53.22666666666667,63,71.01703406813628
20200116_112_saade__astroloog_anu_kallavus_teab_mis_on_veevalajaajastul_teisiti_kui_kaladeajastul,F,kaassõnad,53.22666666666667,98,110.47094188376754
20220217_jrvamaa_ja_viljandimaa_kinnisvaraturu_levaade_ja_prognoos,F,asesõnad,30.697333333333333,534,1043.7388698258262
20220217_jrvamaa_ja_viljandimaa_kinnisvaraturu_levaade_ja_prognoos,F,omadussõnad,30.697333333333333,152,297.09421013768844
20220217_jrvamaa_ja_viljandimaa_kinnisvaraturu_levaade_ja_prognoos,F,nimisõnad,30.697333333333333,732,1430.7431698736048
20220217_jrvamaa_ja_viljandimaa_kinnisvaraturu_levaade_ja_prognoos,F,adverbid,30.697333333333333,889,1737.6102158710855
20220217_jrvamaa_ja_viljandimaa_kinnisvaraturu_levaade_ja_prognoos,F,verbid,30.697333333333333,828,1618.3816183816184
20220217_jrvamaa_ja_viljandimaa_kinnisvaraturu_levaade_ja_prognoos,F,partiklid,30.697333333333333,24,46.909612127003435
20220217_jrvamaa_ja_viljandimaa_kinnisvaraturu_levaade_ja_prognoos,F,kaassõnad,30.697333333333333,53,103.59206011379923
